agricultural/agricultural67.tif,agricultural,train
agricultural/agricultural57.tif,agricultural,train
agricultural/agricultural83.tif,agricultural,train
agricultural/agricultural72.tif,agricultural,train
agricultural/agricultural20.tif,agricultural,train
agricultural/agricultural11.tif,agricultural,train
agricultural/agricultural80.tif,agricultural,train
agricultural/agricultural56.tif,agricultural,train
agricultural/agricultural44.tif,agricultural,train
agricultural/agricultural46.tif,agricultural,train
agricultural/agricultural15.tif,agricultural,train
agricultural/agricultural62.tif,agricultural,train
agricultural/agricultural77.tif,agricultural,train
agricultural/agricultural55.tif,agricultural,train
agricultural/agricultural07.tif,agricultural,train
agricultural/agricultural97.tif,agricultural,train
agricultural/agricultural38.tif,agricultural,train
agricultural/agricultural05.tif,agricultural,train
agricultural/agricultural25.tif,agricultural,train
agricultural/agricultural08.tif,agricultural,train
agricultural/agricultural00.tif,agricultural,train
agricultural/agricultural18.tif,agricultural,train
agricultural/agricultural75.tif,agricultural,train
agricultural/agricultural22.tif,agricultural,train
agricultural/agricultural51.tif,agricultural,train
agricultural/agricultural71.tif,agricultural,train
agricultural/agricultural60.tif,agricultural,train
agricultural/agricultural34.tif,agricultural,train
agricultural/agricultural30.tif,agricultural,train
agricultural/agricultural45.tif,agricultural,train
agricultural/agricultural66.tif,agricultural,train
agricultural/agricultural70.tif,agricultural,train
agricultural/agricultural35.tif,agricultural,train
agricultural/agricultural64.tif,agricultural,train
agricultural/agricultural94.tif,agricultural,train
agricultural/agricultural85.tif,agricultural,train
agricultural/agricultural82.tif,agricultural,train
agricultural/agricultural53.tif,agricultural,train
agricultural/agricultural90.tif,agricultural,train
agricultural/agricultural95.tif,agricultural,train
agricultural/agricultural16.tif,agricultural,train
agricultural/agricultural88.tif,agricultural,train
agricultural/agricultural32.tif,agricultural,train
agricultural/agricultural47.tif,agricultural,train
agricultural/agricultural12.tif,agricultural,train
agricultural/agricultural14.tif,agricultural,train
agricultural/agricultural79.tif,agricultural,train
agricultural/agricultural10.tif,agricultural,train
agricultural/agricultural31.tif,agricultural,train
agricultural/agricultural99.tif,agricultural,train
agricultural/agricultural41.tif,agricultural,train
agricultural/agricultural23.tif,agricultural,train
agricultural/agricultural84.tif,agricultural,train
agricultural/agricultural81.tif,agricultural,train
agricultural/agricultural24.tif,agricultural,train
agricultural/agricultural29.tif,agricultural,train
agricultural/agricultural58.tif,agricultural,train
agricultural/agricultural89.tif,agricultural,train
agricultural/agricultural78.tif,agricultural,train
agricultural/agricultural04.tif,agricultural,train
airplane/airplane08.tif,airplane,train
airplane/airplane51.tif,airplane,train
airplane/airplane95.tif,airplane,train
airplane/airplane99.tif,airplane,train
airplane/airplane63.tif,airplane,train
airplane/airplane72.tif,airplane,train
airplane/airplane98.tif,airplane,train
airplane/airplane57.tif,airplane,train
airplane/airplane21.tif,airplane,train
airplane/airplane93.tif,airplane,train
airplane/airplane71.tif,airplane,train
airplane/airplane82.tif,airplane,train
airplane/airplane29.tif,airplane,train
airplane/airplane01.tif,airplane,train
airplane/airplane17.tif,airplane,train
airplane/airplane69.tif,airplane,train
airplane/airplane32.tif,airplane,train
airplane/airplane27.tif,airplane,train
airplane/airplane06.tif,airplane,train
airplane/airplane96.tif,airplane,train
airplane/airplane76.tif,airplane,train
airplane/airplane11.tif,airplane,train
airplane/airplane91.tif,airplane,train
airplane/airplane12.tif,airplane,train
airplane/airplane19.tif,airplane,train
airplane/airplane80.tif,airplane,train
airplane/airplane86.tif,airplane,train
airplane/airplane24.tif,airplane,train
airplane/airplane37.tif,airplane,train
airplane/airplane18.tif,airplane,train
airplane/airplane67.tif,airplane,train
airplane/airplane38.tif,airplane,train
airplane/airplane88.tif,airplane,train
airplane/airplane26.tif,airplane,train
airplane/airplane36.tif,airplane,train
airplane/airplane02.tif,airplane,train
airplane/airplane52.tif,airplane,train
airplane/airplane10.tif,airplane,train
airplane/airplane85.tif,airplane,train
airplane/airplane77.tif,airplane,train
airplane/airplane45.tif,airplane,train
airplane/airplane89.tif,airplane,train
airplane/airplane64.tif,airplane,train
airplane/airplane22.tif,airplane,train
airplane/airplane20.tif,airplane,train
airplane/airplane33.tif,airplane,train
airplane/airplane73.tif,airplane,train
airplane/airplane44.tif,airplane,train
airplane/airplane16.tif,airplane,train
airplane/airplane58.tif,airplane,train
airplane/airplane75.tif,airplane,train
airplane/airplane47.tif,airplane,train
airplane/airplane00.tif,airplane,train
airplane/airplane43.tif,airplane,train
airplane/airplane14.tif,airplane,train
airplane/airplane03.tif,airplane,train
airplane/airplane13.tif,airplane,train
airplane/airplane40.tif,airplane,train
airplane/airplane39.tif,airplane,train
airplane/airplane92.tif,airplane,train
baseballdiamond/baseballdiamond55.tif,baseballdiamond,train
baseballdiamond/baseballdiamond20.tif,baseballdiamond,train
baseballdiamond/baseballdiamond84.tif,baseballdiamond,train
baseballdiamond/baseballdiamond06.tif,baseballdiamond,train
baseballdiamond/baseballdiamond89.tif,baseballdiamond,train
baseballdiamond/baseballdiamond28.tif,baseballdiamond,train
baseballdiamond/baseballdiamond52.tif,baseballdiamond,train
baseballdiamond/baseballdiamond25.tif,baseballdiamond,train
baseballdiamond/baseballdiamond17.tif,baseballdiamond,train
baseballdiamond/baseballdiamond05.tif,baseballdiamond,train
baseballdiamond/baseballdiamond37.tif,baseballdiamond,train
baseballdiamond/baseballdiamond31.tif,baseballdiamond,train
baseballdiamond/baseballdiamond30.tif,baseballdiamond,train
baseballdiamond/baseballdiamond41.tif,baseballdiamond,train
baseballdiamond/baseballdiamond86.tif,baseballdiamond,train
baseballdiamond/baseballdiamond73.tif,baseballdiamond,train
baseballdiamond/baseballdiamond45.tif,baseballdiamond,train
baseballdiamond/baseballdiamond01.tif,baseballdiamond,train
baseballdiamond/baseballdiamond81.tif,baseballdiamond,train
baseballdiamond/baseballdiamond33.tif,baseballdiamond,train
baseballdiamond/baseballdiamond98.tif,baseballdiamond,train
baseballdiamond/baseballdiamond99.tif,baseballdiamond,train
baseballdiamond/baseballdiamond23.tif,baseballdiamond,train
baseballdiamond/baseballdiamond75.tif,baseballdiamond,train
baseballdiamond/baseballdiamond09.tif,baseballdiamond,train
baseballdiamond/baseballdiamond35.tif,baseballdiamond,train
baseballdiamond/baseballdiamond62.tif,baseballdiamond,train
baseballdiamond/baseballdiamond22.tif,baseballdiamond,train
baseballdiamond/baseballdiamond58.tif,baseballdiamond,train
baseballdiamond/baseballdiamond97.tif,baseballdiamond,train
baseballdiamond/baseballdiamond69.tif,baseballdiamond,train
baseballdiamond/baseballdiamond26.tif,baseballdiamond,train
baseballdiamond/baseballdiamond94.tif,baseballdiamond,train
baseballdiamond/baseballdiamond00.tif,baseballdiamond,train
baseballdiamond/baseballdiamond12.tif,baseballdiamond,train
baseballdiamond/baseballdiamond71.tif,baseballdiamond,train
baseballdiamond/baseballdiamond82.tif,baseballdiamond,train
baseballdiamond/baseballdiamond74.tif,baseballdiamond,train
baseballdiamond/baseballdiamond91.tif,baseballdiamond,train
baseballdiamond/baseballdiamond46.tif,baseballdiamond,train
baseballdiamond/baseballdiamond03.tif,baseballdiamond,train
baseballdiamond/baseballdiamond07.tif,baseballdiamond,train
baseballdiamond/baseballdiamond39.tif,baseballdiamond,train
baseballdiamond/baseballdiamond93.tif,baseballdiamond,train
baseballdiamond/baseballdiamond04.tif,baseballdiamond,train
baseballdiamond/baseballdiamond68.tif,baseballdiamond,train
baseballdiamond/baseballdiamond83.tif,baseballdiamond,train
baseballdiamond/baseballdiamond57.tif,baseballdiamond,train
baseballdiamond/baseballdiamond48.tif,baseballdiamond,train
baseballdiamond/baseballdiamond80.tif,baseballdiamond,train
baseballdiamond/baseballdiamond42.tif,baseballdiamond,train
baseballdiamond/baseballdiamond88.tif,baseballdiamond,train
baseballdiamond/baseballdiamond54.tif,baseballdiamond,train
baseballdiamond/baseballdiamond40.tif,baseballdiamond,train
baseballdiamond/baseballdiamond43.tif,baseballdiamond,train
baseballdiamond/baseballdiamond36.tif,baseballdiamond,train
baseballdiamond/baseballdiamond53.tif,baseballdiamond,train
baseballdiamond/baseballdiamond72.tif,baseballdiamond,train
baseballdiamond/baseballdiamond51.tif,baseballdiamond,train
baseballdiamond/baseballdiamond08.tif,baseballdiamond,train
beach/beach71.tif,beach,train
beach/beach24.tif,beach,train
beach/beach16.tif,beach,train
beach/beach48.tif,beach,train
beach/beach54.tif,beach,train
beach/beach90.tif,beach,train
beach/beach95.tif,beach,train
beach/beach76.tif,beach,train
beach/beach82.tif,beach,train
beach/beach85.tif,beach,train
beach/beach20.tif,beach,train
beach/beach77.tif,beach,train
beach/beach99.tif,beach,train
beach/beach44.tif,beach,train
beach/beach32.tif,beach,train
beach/beach25.tif,beach,train
beach/beach75.tif,beach,train
beach/beach31.tif,beach,train
beach/beach93.tif,beach,train
beach/beach46.tif,beach,train
beach/beach12.tif,beach,train
beach/beach26.tif,beach,train
beach/beach17.tif,beach,train
beach/beach68.tif,beach,train
beach/beach47.tif,beach,train
beach/beach88.tif,beach,train
beach/beach38.tif,beach,train
beach/beach67.tif,beach,train
beach/beach03.tif,beach,train
beach/beach69.tif,beach,train
beach/beach51.tif,beach,train
beach/beach98.tif,beach,train
beach/beach09.tif,beach,train
beach/beach59.tif,beach,train
beach/beach22.tif,beach,train
beach/beach65.tif,beach,train
beach/beach13.tif,beach,train
beach/beach64.tif,beach,train
beach/beach23.tif,beach,train
beach/beach45.tif,beach,train
beach/beach56.tif,beach,train
beach/beach42.tif,beach,train
beach/beach37.tif,beach,train
beach/beach28.tif,beach,train
beach/beach66.tif,beach,train
beach/beach34.tif,beach,train
beach/beach29.tif,beach,train
beach/beach50.tif,beach,train
beach/beach49.tif,beach,train
beach/beach30.tif,beach,train
beach/beach14.tif,beach,train
beach/beach96.tif,beach,train
beach/beach94.tif,beach,train
beach/beach78.tif,beach,train
beach/beach87.tif,beach,train
beach/beach86.tif,beach,train
beach/beach18.tif,beach,train
beach/beach27.tif,beach,train
beach/beach36.tif,beach,train
beach/beach61.tif,beach,train
buildings/buildings00.tif,buildings,train
buildings/buildings34.tif,buildings,train
buildings/buildings49.tif,buildings,train
buildings/buildings80.tif,buildings,train
buildings/buildings55.tif,buildings,train
buildings/buildings69.tif,buildings,train
buildings/buildings76.tif,buildings,train
buildings/buildings94.tif,buildings,train
buildings/buildings33.tif,buildings,train
buildings/buildings70.tif,buildings,train
buildings/buildings35.tif,buildings,train
buildings/buildings10.tif,buildings,train
buildings/buildings44.tif,buildings,train
buildings/buildings37.tif,buildings,train
buildings/buildings71.tif,buildings,train
buildings/buildings54.tif,buildings,train
buildings/buildings51.tif,buildings,train
buildings/buildings68.tif,buildings,train
buildings/buildings48.tif,buildings,train
buildings/buildings66.tif,buildings,train
buildings/buildings97.tif,buildings,train
buildings/buildings06.tif,buildings,train
buildings/buildings14.tif,buildings,train
buildings/buildings42.tif,buildings,train
buildings/buildings15.tif,buildings,train
buildings/buildings45.tif,buildings,train
buildings/buildings90.tif,buildings,train
buildings/buildings56.tif,buildings,train
buildings/buildings52.tif,buildings,train
buildings/buildings96.tif,buildings,train
buildings/buildings38.tif,buildings,train
buildings/buildings31.tif,buildings,train
buildings/buildings89.tif,buildings,train
buildings/buildings43.tif,buildings,train
buildings/buildings67.tif,buildings,train
buildings/buildings36.tif,buildings,train
buildings/buildings95.tif,buildings,train
buildings/buildings63.tif,buildings,train
buildings/buildings20.tif,buildings,train
buildings/buildings82.tif,buildings,train
buildings/buildings85.tif,buildings,train
buildings/buildings23.tif,buildings,train
buildings/buildings83.tif,buildings,train
buildings/buildings11.tif,buildings,train
buildings/buildings84.tif,buildings,train
buildings/buildings21.tif,buildings,train
buildings/buildings72.tif,buildings,train
buildings/buildings13.tif,buildings,train
buildings/buildings87.tif,buildings,train
buildings/buildings02.tif,buildings,train
buildings/buildings07.tif,buildings,train
buildings/buildings59.tif,buildings,train
buildings/buildings58.tif,buildings,train
buildings/buildings03.tif,buildings,train
buildings/buildings29.tif,buildings,train
buildings/buildings50.tif,buildings,train
buildings/buildings74.tif,buildings,train
buildings/buildings61.tif,buildings,train
buildings/buildings79.tif,buildings,train
buildings/buildings22.tif,buildings,train
chaparral/chaparral53.tif,chaparral,train
chaparral/chaparral96.tif,chaparral,train
chaparral/chaparral68.tif,chaparral,train
chaparral/chaparral97.tif,chaparral,train
chaparral/chaparral26.tif,chaparral,train
chaparral/chaparral73.tif,chaparral,train
chaparral/chaparral91.tif,chaparral,train
chaparral/chaparral22.tif,chaparral,train
chaparral/chaparral62.tif,chaparral,train
chaparral/chaparral74.tif,chaparral,train
chaparral/chaparral40.tif,chaparral,train
chaparral/chaparral06.tif,chaparral,train
chaparral/chaparral87.tif,chaparral,train
chaparral/chaparral66.tif,chaparral,train
chaparral/chaparral20.tif,chaparral,train
chaparral/chaparral82.tif,chaparral,train
chaparral/chaparral95.tif,chaparral,train
chaparral/chaparral16.tif,chaparral,train
chaparral/chaparral11.tif,chaparral,train
chaparral/chaparral88.tif,chaparral,train
chaparral/chaparral43.tif,chaparral,train
chaparral/chaparral77.tif,chaparral,train
chaparral/chaparral71.tif,chaparral,train
chaparral/chaparral78.tif,chaparral,train
chaparral/chaparral72.tif,chaparral,train
chaparral/chaparral67.tif,chaparral,train
chaparral/chaparral15.tif,chaparral,train
chaparral/chaparral03.tif,chaparral,train
chaparral/chaparral41.tif,chaparral,train
chaparral/chaparral60.tif,chaparral,train
chaparral/chaparral58.tif,chaparral,train
chaparral/chaparral13.tif,chaparral,train
chaparral/chaparral51.tif,chaparral,train
chaparral/chaparral08.tif,chaparral,train
chaparral/chaparral36.tif,chaparral,train
chaparral/chaparral76.tif,chaparral,train
chaparral/chaparral99.tif,chaparral,train
chaparral/chaparral24.tif,chaparral,train
chaparral/chaparral48.tif,chaparral,train
chaparral/chaparral57.tif,chaparral,train
chaparral/chaparral55.tif,chaparral,train
chaparral/chaparral23.tif,chaparral,train
chaparral/chaparral14.tif,chaparral,train
chaparral/chaparral18.tif,chaparral,train
chaparral/chaparral12.tif,chaparral,train
chaparral/chaparral27.tif,chaparral,train
chaparral/chaparral75.tif,chaparral,train
chaparral/chaparral04.tif,chaparral,train
chaparral/chaparral19.tif,chaparral,train
chaparral/chaparral90.tif,chaparral,train
chaparral/chaparral34.tif,chaparral,train
chaparral/chaparral35.tif,chaparral,train
chaparral/chaparral47.tif,chaparral,train
chaparral/chaparral05.tif,chaparral,train
chaparral/chaparral00.tif,chaparral,train
chaparral/chaparral29.tif,chaparral,train
chaparral/chaparral38.tif,chaparral,train
chaparral/chaparral64.tif,chaparral,train
chaparral/chaparral49.tif,chaparral,train
chaparral/chaparral61.tif,chaparral,train
denseresidential/denseresidential35.tif,denseresidential,train
denseresidential/denseresidential22.tif,denseresidential,train
denseresidential/denseresidential56.tif,denseresidential,train
denseresidential/denseresidential24.tif,denseresidential,train
denseresidential/denseresidential51.tif,denseresidential,train
denseresidential/denseresidential71.tif,denseresidential,train
denseresidential/denseresidential16.tif,denseresidential,train
denseresidential/denseresidential45.tif,denseresidential,train
denseresidential/denseresidential07.tif,denseresidential,train
denseresidential/denseresidential21.tif,denseresidential,train
denseresidential/denseresidential83.tif,denseresidential,train
denseresidential/denseresidential60.tif,denseresidential,train
denseresidential/denseresidential06.tif,denseresidential,train
denseresidential/denseresidential15.tif,denseresidential,train
denseresidential/denseresidential78.tif,denseresidential,train
denseresidential/denseresidential20.tif,denseresidential,train
denseresidential/denseresidential50.tif,denseresidential,train
denseresidential/denseresidential70.tif,denseresidential,train
denseresidential/denseresidential87.tif,denseresidential,train
denseresidential/denseresidential00.tif,denseresidential,train
denseresidential/denseresidential68.tif,denseresidential,train
denseresidential/denseresidential10.tif,denseresidential,train
denseresidential/denseresidential65.tif,denseresidential,train
denseresidential/denseresidential97.tif,denseresidential,train
denseresidential/denseresidential03.tif,denseresidential,train
denseresidential/denseresidential26.tif,denseresidential,train
denseresidential/denseresidential73.tif,denseresidential,train
denseresidential/denseresidential14.tif,denseresidential,train
denseresidential/denseresidential08.tif,denseresidential,train
denseresidential/denseresidential77.tif,denseresidential,train
denseresidential/denseresidential33.tif,denseresidential,train
denseresidential/denseresidential05.tif,denseresidential,train
denseresidential/denseresidential81.tif,denseresidential,train
denseresidential/denseresidential04.tif,denseresidential,train
denseresidential/denseresidential39.tif,denseresidential,train
denseresidential/denseresidential98.tif,denseresidential,train
denseresidential/denseresidential25.tif,denseresidential,train
denseresidential/denseresidential31.tif,denseresidential,train
denseresidential/denseresidential66.tif,denseresidential,train
denseresidential/denseresidential28.tif,denseresidential,train
denseresidential/denseresidential29.tif,denseresidential,train
denseresidential/denseresidential82.tif,denseresidential,train
denseresidential/denseresidential42.tif,denseresidential,train
denseresidential/denseresidential64.tif,denseresidential,train
denseresidential/denseresidential13.tif,denseresidential,train
denseresidential/denseresidential23.tif,denseresidential,train
denseresidential/denseresidential18.tif,denseresidential,train
denseresidential/denseresidential17.tif,denseresidential,train
denseresidential/denseresidential84.tif,denseresidential,train
denseresidential/denseresidential88.tif,denseresidential,train
denseresidential/denseresidential44.tif,denseresidential,train
denseresidential/denseresidential80.tif,denseresidential,train
denseresidential/denseresidential43.tif,denseresidential,train
denseresidential/denseresidential49.tif,denseresidential,train
denseresidential/denseresidential91.tif,denseresidential,train
denseresidential/denseresidential94.tif,denseresidential,train
denseresidential/denseresidential76.tif,denseresidential,train
denseresidential/denseresidential74.tif,denseresidential,train
denseresidential/denseresidential47.tif,denseresidential,train
denseresidential/denseresidential40.tif,denseresidential,train
forest/forest18.tif,forest,train
forest/forest24.tif,forest,train
forest/forest23.tif,forest,train
forest/forest41.tif,forest,train
forest/forest28.tif,forest,train
forest/forest11.tif,forest,train
forest/forest47.tif,forest,train
forest/forest13.tif,forest,train
forest/forest19.tif,forest,train
forest/forest37.tif,forest,train
forest/forest54.tif,forest,train
forest/forest38.tif,forest,train
forest/forest26.tif,forest,train
forest/forest45.tif,forest,train
forest/forest40.tif,forest,train
forest/forest50.tif,forest,train
forest/forest76.tif,forest,train
forest/forest78.tif,forest,train
forest/forest42.tif,forest,train
forest/forest98.tif,forest,train
forest/forest22.tif,forest,train
forest/forest77.tif,forest,train
forest/forest85.tif,forest,train
forest/forest92.tif,forest,train
forest/forest67.tif,forest,train
forest/forest58.tif,forest,train
forest/forest68.tif,forest,train
forest/forest84.tif,forest,train
forest/forest55.tif,forest,train
forest/forest03.tif,forest,train
forest/forest65.tif,forest,train
forest/forest75.tif,forest,train
forest/forest35.tif,forest,train
forest/forest25.tif,forest,train
forest/forest12.tif,forest,train
forest/forest21.tif,forest,train
forest/forest87.tif,forest,train
forest/forest33.tif,forest,train
forest/forest46.tif,forest,train
forest/forest34.tif,forest,train
forest/forest00.tif,forest,train
forest/forest60.tif,forest,train
forest/forest53.tif,forest,train
forest/forest49.tif,forest,train
forest/forest89.tif,forest,train
forest/forest71.tif,forest,train
forest/forest79.tif,forest,train
forest/forest17.tif,forest,train
forest/forest30.tif,forest,train
forest/forest52.tif,forest,train
forest/forest61.tif,forest,train
forest/forest07.tif,forest,train
forest/forest06.tif,forest,train
forest/forest88.tif,forest,train
forest/forest15.tif,forest,train
forest/forest27.tif,forest,train
forest/forest91.tif,forest,train
forest/forest56.tif,forest,train
forest/forest16.tif,forest,train
forest/forest08.tif,forest,train
freeway/freeway53.tif,freeway,train
freeway/freeway35.tif,freeway,train
freeway/freeway67.tif,freeway,train
freeway/freeway37.tif,freeway,train
freeway/freeway60.tif,freeway,train
freeway/freeway57.tif,freeway,train
freeway/freeway83.tif,freeway,train
freeway/freeway65.tif,freeway,train
freeway/freeway92.tif,freeway,train
freeway/freeway91.tif,freeway,train
freeway/freeway50.tif,freeway,train
freeway/freeway32.tif,freeway,train
freeway/freeway12.tif,freeway,train
freeway/freeway30.tif,freeway,train
freeway/freeway24.tif,freeway,train
freeway/freeway97.tif,freeway,train
freeway/freeway90.tif,freeway,train
freeway/freeway14.tif,freeway,train
freeway/freeway85.tif,freeway,train
freeway/freeway18.tif,freeway,train
freeway/freeway49.tif,freeway,train
freeway/freeway41.tif,freeway,train
freeway/freeway23.tif,freeway,train
freeway/freeway55.tif,freeway,train
freeway/freeway80.tif,freeway,train
freeway/freeway84.tif,freeway,train
freeway/freeway95.tif,freeway,train
freeway/freeway16.tif,freeway,train
freeway/freeway94.tif,freeway,train
freeway/freeway52.tif,freeway,train
freeway/freeway44.tif,freeway,train
freeway/freeway73.tif,freeway,train
freeway/freeway26.tif,freeway,train
freeway/freeway11.tif,freeway,train
freeway/freeway51.tif,freeway,train
freeway/freeway70.tif,freeway,train
freeway/freeway04.tif,freeway,train
freeway/freeway78.tif,freeway,train
freeway/freeway81.tif,freeway,train
freeway/freeway02.tif,freeway,train
freeway/freeway72.tif,freeway,train
freeway/freeway13.tif,freeway,train
freeway/freeway33.tif,freeway,train
freeway/freeway71.tif,freeway,train
freeway/freeway20.tif,freeway,train
freeway/freeway27.tif,freeway,train
freeway/freeway29.tif,freeway,train
freeway/freeway42.tif,freeway,train
freeway/freeway96.tif,freeway,train
freeway/freeway79.tif,freeway,train
freeway/freeway64.tif,freeway,train
freeway/freeway34.tif,freeway,train
freeway/freeway01.tif,freeway,train
freeway/freeway15.tif,freeway,train
freeway/freeway39.tif,freeway,train
freeway/freeway40.tif,freeway,train
freeway/freeway22.tif,freeway,train
freeway/freeway10.tif,freeway,train
freeway/freeway99.tif,freeway,train
freeway/freeway75.tif,freeway,train
golfcourse/golfcourse77.tif,golfcourse,train
golfcourse/golfcourse57.tif,golfcourse,train
golfcourse/golfcourse48.tif,golfcourse,train
golfcourse/golfcourse75.tif,golfcourse,train
golfcourse/golfcourse89.tif,golfcourse,train
golfcourse/golfcourse80.tif,golfcourse,train
golfcourse/golfcourse11.tif,golfcourse,train
golfcourse/golfcourse78.tif,golfcourse,train
golfcourse/golfcourse23.tif,golfcourse,train
golfcourse/golfcourse44.tif,golfcourse,train
golfcourse/golfcourse96.tif,golfcourse,train
golfcourse/golfcourse38.tif,golfcourse,train
golfcourse/golfcourse46.tif,golfcourse,train
golfcourse/golfcourse83.tif,golfcourse,train
golfcourse/golfcourse41.tif,golfcourse,train
golfcourse/golfcourse15.tif,golfcourse,train
golfcourse/golfcourse12.tif,golfcourse,train
golfcourse/golfcourse53.tif,golfcourse,train
golfcourse/golfcourse19.tif,golfcourse,train
golfcourse/golfcourse72.tif,golfcourse,train
golfcourse/golfcourse69.tif,golfcourse,train
golfcourse/golfcourse88.tif,golfcourse,train
golfcourse/golfcourse97.tif,golfcourse,train
golfcourse/golfcourse64.tif,golfcourse,train
golfcourse/golfcourse63.tif,golfcourse,train
golfcourse/golfcourse39.tif,golfcourse,train
golfcourse/golfcourse56.tif,golfcourse,train
golfcourse/golfcourse51.tif,golfcourse,train
golfcourse/golfcourse52.tif,golfcourse,train
golfcourse/golfcourse68.tif,golfcourse,train
golfcourse/golfcourse20.tif,golfcourse,train
golfcourse/golfcourse74.tif,golfcourse,train
golfcourse/golfcourse85.tif,golfcourse,train
golfcourse/golfcourse87.tif,golfcourse,train
golfcourse/golfcourse90.tif,golfcourse,train
golfcourse/golfcourse09.tif,golfcourse,train
golfcourse/golfcourse33.tif,golfcourse,train
golfcourse/golfcourse73.tif,golfcourse,train
golfcourse/golfcourse17.tif,golfcourse,train
golfcourse/golfcourse01.tif,golfcourse,train
golfcourse/golfcourse25.tif,golfcourse,train
golfcourse/golfcourse24.tif,golfcourse,train
golfcourse/golfcourse76.tif,golfcourse,train
golfcourse/golfcourse66.tif,golfcourse,train
golfcourse/golfcourse70.tif,golfcourse,train
golfcourse/golfcourse35.tif,golfcourse,train
golfcourse/golfcourse54.tif,golfcourse,train
golfcourse/golfcourse00.tif,golfcourse,train
golfcourse/golfcourse18.tif,golfcourse,train
golfcourse/golfcourse40.tif,golfcourse,train
golfcourse/golfcourse94.tif,golfcourse,train
golfcourse/golfcourse65.tif,golfcourse,train
golfcourse/golfcourse04.tif,golfcourse,train
golfcourse/golfcourse36.tif,golfcourse,train
golfcourse/golfcourse86.tif,golfcourse,train
golfcourse/golfcourse55.tif,golfcourse,train
golfcourse/golfcourse07.tif,golfcourse,train
golfcourse/golfcourse61.tif,golfcourse,train
golfcourse/golfcourse60.tif,golfcourse,train
golfcourse/golfcourse71.tif,golfcourse,train
harbor/harbor64.tif,harbor,train
harbor/harbor69.tif,harbor,train
harbor/harbor44.tif,harbor,train
harbor/harbor06.tif,harbor,train
harbor/harbor02.tif,harbor,train
harbor/harbor12.tif,harbor,train
harbor/harbor80.tif,harbor,train
harbor/harbor75.tif,harbor,train
harbor/harbor32.tif,harbor,train
harbor/harbor14.tif,harbor,train
harbor/harbor08.tif,harbor,train
harbor/harbor95.tif,harbor,train
harbor/harbor37.tif,harbor,train
harbor/harbor88.tif,harbor,train
harbor/harbor47.tif,harbor,train
harbor/harbor82.tif,harbor,train
harbor/harbor87.tif,harbor,train
harbor/harbor55.tif,harbor,train
harbor/harbor40.tif,harbor,train
harbor/harbor58.tif,harbor,train
harbor/harbor61.tif,harbor,train
harbor/harbor29.tif,harbor,train
harbor/harbor09.tif,harbor,train
harbor/harbor67.tif,harbor,train
harbor/harbor63.tif,harbor,train
harbor/harbor00.tif,harbor,train
harbor/harbor07.tif,harbor,train
harbor/harbor33.tif,harbor,train
harbor/harbor73.tif,harbor,train
harbor/harbor92.tif,harbor,train
harbor/harbor39.tif,harbor,train
harbor/harbor04.tif,harbor,train
harbor/harbor42.tif,harbor,train
harbor/harbor76.tif,harbor,train
harbor/harbor13.tif,harbor,train
harbor/harbor19.tif,harbor,train
harbor/harbor23.tif,harbor,train
harbor/harbor53.tif,harbor,train
harbor/harbor72.tif,harbor,train
harbor/harbor68.tif,harbor,train
harbor/harbor10.tif,harbor,train
harbor/harbor35.tif,harbor,train
harbor/harbor05.tif,harbor,train
harbor/harbor48.tif,harbor,train
harbor/harbor81.tif,harbor,train
harbor/harbor79.tif,harbor,train
harbor/harbor03.tif,harbor,train
harbor/harbor46.tif,harbor,train
harbor/harbor94.tif,harbor,train
harbor/harbor86.tif,harbor,train
harbor/harbor26.tif,harbor,train
harbor/harbor59.tif,harbor,train
harbor/harbor84.tif,harbor,train
harbor/harbor66.tif,harbor,train
harbor/harbor20.tif,harbor,train
harbor/harbor17.tif,harbor,train
harbor/harbor85.tif,harbor,train
harbor/harbor71.tif,harbor,train
harbor/harbor98.tif,harbor,train
harbor/harbor30.tif,harbor,train
intersection/intersection78.tif,intersection,train
intersection/intersection47.tif,intersection,train
intersection/intersection34.tif,intersection,train
intersection/intersection20.tif,intersection,train
intersection/intersection01.tif,intersection,train
intersection/intersection53.tif,intersection,train
intersection/intersection71.tif,intersection,train
intersection/intersection83.tif,intersection,train
intersection/intersection77.tif,intersection,train
intersection/intersection52.tif,intersection,train
intersection/intersection98.tif,intersection,train
intersection/intersection61.tif,intersection,train
intersection/intersection35.tif,intersection,train
intersection/intersection43.tif,intersection,train
intersection/intersection40.tif,intersection,train
intersection/intersection84.tif,intersection,train
intersection/intersection82.tif,intersection,train
intersection/intersection59.tif,intersection,train
intersection/intersection02.tif,intersection,train
intersection/intersection38.tif,intersection,train
intersection/intersection03.tif,intersection,train
intersection/intersection75.tif,intersection,train
intersection/intersection13.tif,intersection,train
intersection/intersection25.tif,intersection,train
intersection/intersection08.tif,intersection,train
intersection/intersection18.tif,intersection,train
intersection/intersection14.tif,intersection,train
intersection/intersection42.tif,intersection,train
intersection/intersection16.tif,intersection,train
intersection/intersection11.tif,intersection,train
intersection/intersection05.tif,intersection,train
intersection/intersection89.tif,intersection,train
intersection/intersection80.tif,intersection,train
intersection/intersection21.tif,intersection,train
intersection/intersection49.tif,intersection,train
intersection/intersection39.tif,intersection,train
intersection/intersection81.tif,intersection,train
intersection/intersection50.tif,intersection,train
intersection/intersection46.tif,intersection,train
intersection/intersection44.tif,intersection,train
intersection/intersection41.tif,intersection,train
intersection/intersection06.tif,intersection,train
intersection/intersection07.tif,intersection,train
intersection/intersection28.tif,intersection,train
intersection/intersection90.tif,intersection,train
intersection/intersection85.tif,intersection,train
intersection/intersection72.tif,intersection,train
intersection/intersection12.tif,intersection,train
intersection/intersection04.tif,intersection,train
intersection/intersection79.tif,intersection,train
intersection/intersection37.tif,intersection,train
intersection/intersection76.tif,intersection,train
intersection/intersection69.tif,intersection,train
intersection/intersection26.tif,intersection,train
intersection/intersection15.tif,intersection,train
intersection/intersection95.tif,intersection,train
intersection/intersection65.tif,intersection,train
intersection/intersection55.tif,intersection,train
intersection/intersection32.tif,intersection,train
intersection/intersection29.tif,intersection,train
mediumresidential/mediumresidential67.tif,mediumresidential,train
mediumresidential/mediumresidential45.tif,mediumresidential,train
mediumresidential/mediumresidential33.tif,mediumresidential,train
mediumresidential/mediumresidential85.tif,mediumresidential,train
mediumresidential/mediumresidential02.tif,mediumresidential,train
mediumresidential/mediumresidential31.tif,mediumresidential,train
mediumresidential/mediumresidential54.tif,mediumresidential,train
mediumresidential/mediumresidential46.tif,mediumresidential,train
mediumresidential/mediumresidential20.tif,mediumresidential,train
mediumresidential/mediumresidential66.tif,mediumresidential,train
mediumresidential/mediumresidential72.tif,mediumresidential,train
mediumresidential/mediumresidential23.tif,mediumresidential,train
mediumresidential/mediumresidential39.tif,mediumresidential,train
mediumresidential/mediumresidential37.tif,mediumresidential,train
mediumresidential/mediumresidential25.tif,mediumresidential,train
mediumresidential/mediumresidential35.tif,mediumresidential,train
mediumresidential/mediumresidential91.tif,mediumresidential,train
mediumresidential/mediumresidential84.tif,mediumresidential,train
mediumresidential/mediumresidential44.tif,mediumresidential,train
mediumresidential/mediumresidential94.tif,mediumresidential,train
mediumresidential/mediumresidential13.tif,mediumresidential,train
mediumresidential/mediumresidential28.tif,mediumresidential,train
mediumresidential/mediumresidential40.tif,mediumresidential,train
mediumresidential/mediumresidential77.tif,mediumresidential,train
mediumresidential/mediumresidential97.tif,mediumresidential,train
mediumresidential/mediumresidential88.tif,mediumresidential,train
mediumresidential/mediumresidential73.tif,mediumresidential,train
mediumresidential/mediumresidential74.tif,mediumresidential,train
mediumresidential/mediumresidential65.tif,mediumresidential,train
mediumresidential/mediumresidential99.tif,mediumresidential,train
mediumresidential/mediumresidential92.tif,mediumresidential,train
mediumresidential/mediumresidential34.tif,mediumresidential,train
mediumresidential/mediumresidential27.tif,mediumresidential,train
mediumresidential/mediumresidential22.tif,mediumresidential,train
mediumresidential/mediumresidential43.tif,mediumresidential,train
mediumresidential/mediumresidential62.tif,mediumresidential,train
mediumresidential/mediumresidential59.tif,mediumresidential,train
mediumresidential/mediumresidential71.tif,mediumresidential,train
mediumresidential/mediumresidential80.tif,mediumresidential,train
mediumresidential/mediumresidential03.tif,mediumresidential,train
mediumresidential/mediumresidential61.tif,mediumresidential,train
mediumresidential/mediumresidential06.tif,mediumresidential,train
mediumresidential/mediumresidential12.tif,mediumresidential,train
mediumresidential/mediumresidential14.tif,mediumresidential,train
mediumresidential/mediumresidential19.tif,mediumresidential,train
mediumresidential/mediumresidential30.tif,mediumresidential,train
mediumresidential/mediumresidential78.tif,mediumresidential,train
mediumresidential/mediumresidential38.tif,mediumresidential,train
mediumresidential/mediumresidential70.tif,mediumresidential,train
mediumresidential/mediumresidential86.tif,mediumresidential,train
mediumresidential/mediumresidential53.tif,mediumresidential,train
mediumresidential/mediumresidential36.tif,mediumresidential,train
mediumresidential/mediumresidential60.tif,mediumresidential,train
mediumresidential/mediumresidential00.tif,mediumresidential,train
mediumresidential/mediumresidential75.tif,mediumresidential,train
mediumresidential/mediumresidential68.tif,mediumresidential,train
mediumresidential/mediumresidential47.tif,mediumresidential,train
mediumresidential/mediumresidential26.tif,mediumresidential,train
mediumresidential/mediumresidential81.tif,mediumresidential,train
mediumresidential/mediumresidential98.tif,mediumresidential,train
mobilehomepark/mobilehomepark88.tif,mobilehomepark,train
mobilehomepark/mobilehomepark39.tif,mobilehomepark,train
mobilehomepark/mobilehomepark76.tif,mobilehomepark,train
mobilehomepark/mobilehomepark24.tif,mobilehomepark,train
mobilehomepark/mobilehomepark16.tif,mobilehomepark,train
mobilehomepark/mobilehomepark95.tif,mobilehomepark,train
mobilehomepark/mobilehomepark12.tif,mobilehomepark,train
mobilehomepark/mobilehomepark72.tif,mobilehomepark,train
mobilehomepark/mobilehomepark67.tif,mobilehomepark,train
mobilehomepark/mobilehomepark35.tif,mobilehomepark,train
mobilehomepark/mobilehomepark00.tif,mobilehomepark,train
mobilehomepark/mobilehomepark82.tif,mobilehomepark,train
mobilehomepark/mobilehomepark93.tif,mobilehomepark,train
mobilehomepark/mobilehomepark40.tif,mobilehomepark,train
mobilehomepark/mobilehomepark20.tif,mobilehomepark,train
mobilehomepark/mobilehomepark59.tif,mobilehomepark,train
mobilehomepark/mobilehomepark99.tif,mobilehomepark,train
mobilehomepark/mobilehomepark89.tif,mobilehomepark,train
mobilehomepark/mobilehomepark29.tif,mobilehomepark,train
mobilehomepark/mobilehomepark53.tif,mobilehomepark,train
mobilehomepark/mobilehomepark08.tif,mobilehomepark,train
mobilehomepark/mobilehomepark94.tif,mobilehomepark,train
mobilehomepark/mobilehomepark23.tif,mobilehomepark,train
mobilehomepark/mobilehomepark90.tif,mobilehomepark,train
mobilehomepark/mobilehomepark03.tif,mobilehomepark,train
mobilehomepark/mobilehomepark51.tif,mobilehomepark,train
mobilehomepark/mobilehomepark18.tif,mobilehomepark,train
mobilehomepark/mobilehomepark55.tif,mobilehomepark,train
mobilehomepark/mobilehomepark52.tif,mobilehomepark,train
mobilehomepark/mobilehomepark68.tif,mobilehomepark,train
mobilehomepark/mobilehomepark98.tif,mobilehomepark,train
mobilehomepark/mobilehomepark84.tif,mobilehomepark,train
mobilehomepark/mobilehomepark06.tif,mobilehomepark,train
mobilehomepark/mobilehomepark77.tif,mobilehomepark,train
mobilehomepark/mobilehomepark49.tif,mobilehomepark,train
mobilehomepark/mobilehomepark34.tif,mobilehomepark,train
mobilehomepark/mobilehomepark58.tif,mobilehomepark,train
mobilehomepark/mobilehomepark78.tif,mobilehomepark,train
mobilehomepark/mobilehomepark07.tif,mobilehomepark,train
mobilehomepark/mobilehomepark43.tif,mobilehomepark,train
mobilehomepark/mobilehomepark48.tif,mobilehomepark,train
mobilehomepark/mobilehomepark79.tif,mobilehomepark,train
mobilehomepark/mobilehomepark17.tif,mobilehomepark,train
mobilehomepark/mobilehomepark22.tif,mobilehomepark,train
mobilehomepark/mobilehomepark11.tif,mobilehomepark,train
mobilehomepark/mobilehomepark85.tif,mobilehomepark,train
mobilehomepark/mobilehomepark96.tif,mobilehomepark,train
mobilehomepark/mobilehomepark33.tif,mobilehomepark,train
mobilehomepark/mobilehomepark75.tif,mobilehomepark,train
mobilehomepark/mobilehomepark92.tif,mobilehomepark,train
mobilehomepark/mobilehomepark91.tif,mobilehomepark,train
mobilehomepark/mobilehomepark80.tif,mobilehomepark,train
mobilehomepark/mobilehomepark65.tif,mobilehomepark,train
mobilehomepark/mobilehomepark14.tif,mobilehomepark,train
mobilehomepark/mobilehomepark60.tif,mobilehomepark,train
mobilehomepark/mobilehomepark87.tif,mobilehomepark,train
mobilehomepark/mobilehomepark46.tif,mobilehomepark,train
mobilehomepark/mobilehomepark30.tif,mobilehomepark,train
mobilehomepark/mobilehomepark09.tif,mobilehomepark,train
mobilehomepark/mobilehomepark05.tif,mobilehomepark,train
overpass/overpass55.tif,overpass,train
overpass/overpass07.tif,overpass,train
overpass/overpass38.tif,overpass,train
overpass/overpass50.tif,overpass,train
overpass/overpass61.tif,overpass,train
overpass/overpass63.tif,overpass,train
overpass/overpass21.tif,overpass,train
overpass/overpass19.tif,overpass,train
overpass/overpass35.tif,overpass,train
overpass/overpass03.tif,overpass,train
overpass/overpass87.tif,overpass,train
overpass/overpass89.tif,overpass,train
overpass/overpass33.tif,overpass,train
overpass/overpass04.tif,overpass,train
overpass/overpass20.tif,overpass,train
overpass/overpass88.tif,overpass,train
overpass/overpass90.tif,overpass,train
overpass/overpass30.tif,overpass,train
overpass/overpass10.tif,overpass,train
overpass/overpass83.tif,overpass,train
overpass/overpass46.tif,overpass,train
overpass/overpass76.tif,overpass,train
overpass/overpass41.tif,overpass,train
overpass/overpass51.tif,overpass,train
overpass/overpass47.tif,overpass,train
overpass/overpass15.tif,overpass,train
overpass/overpass26.tif,overpass,train
overpass/overpass56.tif,overpass,train
overpass/overpass27.tif,overpass,train
overpass/overpass72.tif,overpass,train
overpass/overpass02.tif,overpass,train
overpass/overpass68.tif,overpass,train
overpass/overpass17.tif,overpass,train
overpass/overpass73.tif,overpass,train
overpass/overpass74.tif,overpass,train
overpass/overpass14.tif,overpass,train
overpass/overpass01.tif,overpass,train
overpass/overpass58.tif,overpass,train
overpass/overpass32.tif,overpass,train
overpass/overpass60.tif,overpass,train
overpass/overpass48.tif,overpass,train
overpass/overpass75.tif,overpass,train
overpass/overpass80.tif,overpass,train
overpass/overpass77.tif,overpass,train
overpass/overpass86.tif,overpass,train
overpass/overpass45.tif,overpass,train
overpass/overpass09.tif,overpass,train
overpass/overpass95.tif,overpass,train
overpass/overpass49.tif,overpass,train
overpass/overpass25.tif,overpass,train
overpass/overpass70.tif,overpass,train
overpass/overpass12.tif,overpass,train
overpass/overpass37.tif,overpass,train
overpass/overpass42.tif,overpass,train
overpass/overpass53.tif,overpass,train
overpass/overpass92.tif,overpass,train
overpass/overpass18.tif,overpass,train
overpass/overpass97.tif,overpass,train
overpass/overpass39.tif,overpass,train
overpass/overpass00.tif,overpass,train
parkinglot/parkinglot66.tif,parkinglot,train
parkinglot/parkinglot05.tif,parkinglot,train
parkinglot/parkinglot24.tif,parkinglot,train
parkinglot/parkinglot71.tif,parkinglot,train
parkinglot/parkinglot91.tif,parkinglot,train
parkinglot/parkinglot42.tif,parkinglot,train
parkinglot/parkinglot21.tif,parkinglot,train
parkinglot/parkinglot97.tif,parkinglot,train
parkinglot/parkinglot88.tif,parkinglot,train
parkinglot/parkinglot52.tif,parkinglot,train
parkinglot/parkinglot40.tif,parkinglot,train
parkinglot/parkinglot93.tif,parkinglot,train
parkinglot/parkinglot10.tif,parkinglot,train
parkinglot/parkinglot22.tif,parkinglot,train
parkinglot/parkinglot61.tif,parkinglot,train
parkinglot/parkinglot23.tif,parkinglot,train
parkinglot/parkinglot95.tif,parkinglot,train
parkinglot/parkinglot17.tif,parkinglot,train
parkinglot/parkinglot64.tif,parkinglot,train
parkinglot/parkinglot26.tif,parkinglot,train
parkinglot/parkinglot14.tif,parkinglot,train
parkinglot/parkinglot82.tif,parkinglot,train
parkinglot/parkinglot07.tif,parkinglot,train
parkinglot/parkinglot28.tif,parkinglot,train
parkinglot/parkinglot90.tif,parkinglot,train
parkinglot/parkinglot48.tif,parkinglot,train
parkinglot/parkinglot58.tif,parkinglot,train
parkinglot/parkinglot67.tif,parkinglot,train
parkinglot/parkinglot29.tif,parkinglot,train
parkinglot/parkinglot53.tif,parkinglot,train
parkinglot/parkinglot94.tif,parkinglot,train
parkinglot/parkinglot69.tif,parkinglot,train
parkinglot/parkinglot16.tif,parkinglot,train
parkinglot/parkinglot85.tif,parkinglot,train
parkinglot/parkinglot75.tif,parkinglot,train
parkinglot/parkinglot59.tif,parkinglot,train
parkinglot/parkinglot01.tif,parkinglot,train
parkinglot/parkinglot89.tif,parkinglot,train
parkinglot/parkinglot99.tif,parkinglot,train
parkinglot/parkinglot31.tif,parkinglot,train
parkinglot/parkinglot15.tif,parkinglot,train
parkinglot/parkinglot45.tif,parkinglot,train
parkinglot/parkinglot55.tif,parkinglot,train
parkinglot/parkinglot80.tif,parkinglot,train
parkinglot/parkinglot12.tif,parkinglot,train
parkinglot/parkinglot43.tif,parkinglot,train
parkinglot/parkinglot27.tif,parkinglot,train
parkinglot/parkinglot92.tif,parkinglot,train
parkinglot/parkinglot30.tif,parkinglot,train
parkinglot/parkinglot65.tif,parkinglot,train
parkinglot/parkinglot36.tif,parkinglot,train
parkinglot/parkinglot37.tif,parkinglot,train
parkinglot/parkinglot73.tif,parkinglot,train
parkinglot/parkinglot00.tif,parkinglot,train
parkinglot/parkinglot70.tif,parkinglot,train
parkinglot/parkinglot84.tif,parkinglot,train
parkinglot/parkinglot02.tif,parkinglot,train
parkinglot/parkinglot49.tif,parkinglot,train
parkinglot/parkinglot03.tif,parkinglot,train
parkinglot/parkinglot74.tif,parkinglot,train
river/river57.tif,river,train
river/river93.tif,river,train
river/river58.tif,river,train
river/river67.tif,river,train
river/river63.tif,river,train
river/river75.tif,river,train
river/river14.tif,river,train
river/river07.tif,river,train
river/river49.tif,river,train
river/river54.tif,river,train
river/river81.tif,river,train
river/river40.tif,river,train
river/river12.tif,river,train
river/river09.tif,river,train
river/river80.tif,river,train
river/river85.tif,river,train
river/river41.tif,river,train
river/river86.tif,river,train
river/river22.tif,river,train
river/river64.tif,river,train
river/river52.tif,river,train
river/river04.tif,river,train
river/river76.tif,river,train
river/river94.tif,river,train
river/river06.tif,river,train
river/river96.tif,river,train
river/river90.tif,river,train
river/river45.tif,river,train
river/river84.tif,river,train
river/river29.tif,river,train
river/river65.tif,river,train
river/river71.tif,river,train
river/river32.tif,river,train
river/river78.tif,river,train
river/river26.tif,river,train
river/river33.tif,river,train
river/river27.tif,river,train
river/river77.tif,river,train
river/river36.tif,river,train
river/river05.tif,river,train
river/river38.tif,river,train
river/river92.tif,river,train
river/river48.tif,river,train
river/river24.tif,river,train
river/river34.tif,river,train
river/river31.tif,river,train
river/river73.tif,river,train
river/river89.tif,river,train
river/river17.tif,river,train
river/river98.tif,river,train
river/river37.tif,river,train
river/river51.tif,river,train
river/river47.tif,river,train
river/river08.tif,river,train
river/river00.tif,river,train
river/river82.tif,river,train
river/river23.tif,river,train
river/river10.tif,river,train
river/river53.tif,river,train
river/river25.tif,river,train
runway/runway16.tif,runway,train
runway/runway38.tif,runway,train
runway/runway76.tif,runway,train
runway/runway64.tif,runway,train
runway/runway85.tif,runway,train
runway/runway23.tif,runway,train
runway/runway59.tif,runway,train
runway/runway03.tif,runway,train
runway/runway26.tif,runway,train
runway/runway81.tif,runway,train
runway/runway55.tif,runway,train
runway/runway24.tif,runway,train
runway/runway52.tif,runway,train
runway/runway96.tif,runway,train
runway/runway00.tif,runway,train
runway/runway13.tif,runway,train
runway/runway71.tif,runway,train
runway/runway44.tif,runway,train
runway/runway86.tif,runway,train
runway/runway70.tif,runway,train
runway/runway33.tif,runway,train
runway/runway87.tif,runway,train
runway/runway12.tif,runway,train
runway/runway50.tif,runway,train
runway/runway94.tif,runway,train
runway/runway02.tif,runway,train
runway/runway88.tif,runway,train
runway/runway48.tif,runway,train
runway/runway29.tif,runway,train
runway/runway36.tif,runway,train
runway/runway19.tif,runway,train
runway/runway65.tif,runway,train
runway/runway73.tif,runway,train
runway/runway40.tif,runway,train
runway/runway43.tif,runway,train
runway/runway07.tif,runway,train
runway/runway10.tif,runway,train
runway/runway90.tif,runway,train
runway/runway57.tif,runway,train
runway/runway37.tif,runway,train
runway/runway68.tif,runway,train
runway/runway66.tif,runway,train
runway/runway01.tif,runway,train
runway/runway04.tif,runway,train
runway/runway32.tif,runway,train
runway/runway63.tif,runway,train
runway/runway91.tif,runway,train
runway/runway25.tif,runway,train
runway/runway17.tif,runway,train
runway/runway74.tif,runway,train
runway/runway62.tif,runway,train
runway/runway51.tif,runway,train
runway/runway06.tif,runway,train
runway/runway15.tif,runway,train
runway/runway56.tif,runway,train
runway/runway18.tif,runway,train
runway/runway27.tif,runway,train
runway/runway49.tif,runway,train
runway/runway42.tif,runway,train
runway/runway82.tif,runway,train
sparseresidential/sparseresidential86.tif,sparseresidential,train
sparseresidential/sparseresidential67.tif,sparseresidential,train
sparseresidential/sparseresidential38.tif,sparseresidential,train
sparseresidential/sparseresidential21.tif,sparseresidential,train
sparseresidential/sparseresidential45.tif,sparseresidential,train
sparseresidential/sparseresidential75.tif,sparseresidential,train
sparseresidential/sparseresidential49.tif,sparseresidential,train
sparseresidential/sparseresidential98.tif,sparseresidential,train
sparseresidential/sparseresidential95.tif,sparseresidential,train
sparseresidential/sparseresidential47.tif,sparseresidential,train
sparseresidential/sparseresidential99.tif,sparseresidential,train
sparseresidential/sparseresidential09.tif,sparseresidential,train
sparseresidential/sparseresidential81.tif,sparseresidential,train
sparseresidential/sparseresidential62.tif,sparseresidential,train
sparseresidential/sparseresidential15.tif,sparseresidential,train
sparseresidential/sparseresidential05.tif,sparseresidential,train
sparseresidential/sparseresidential60.tif,sparseresidential,train
sparseresidential/sparseresidential84.tif,sparseresidential,train
sparseresidential/sparseresidential79.tif,sparseresidential,train
sparseresidential/sparseresidential48.tif,sparseresidential,train
sparseresidential/sparseresidential63.tif,sparseresidential,train
sparseresidential/sparseresidential20.tif,sparseresidential,train
sparseresidential/sparseresidential71.tif,sparseresidential,train
sparseresidential/sparseresidential18.tif,sparseresidential,train
sparseresidential/sparseresidential51.tif,sparseresidential,train
sparseresidential/sparseresidential02.tif,sparseresidential,train
sparseresidential/sparseresidential66.tif,sparseresidential,train
sparseresidential/sparseresidential55.tif,sparseresidential,train
sparseresidential/sparseresidential90.tif,sparseresidential,train
sparseresidential/sparseresidential73.tif,sparseresidential,train
sparseresidential/sparseresidential07.tif,sparseresidential,train
sparseresidential/sparseresidential36.tif,sparseresidential,train
sparseresidential/sparseresidential87.tif,sparseresidential,train
sparseresidential/sparseresidential74.tif,sparseresidential,train
sparseresidential/sparseresidential57.tif,sparseresidential,train
sparseresidential/sparseresidential88.tif,sparseresidential,train
sparseresidential/sparseresidential01.tif,sparseresidential,train
sparseresidential/sparseresidential92.tif,sparseresidential,train
sparseresidential/sparseresidential43.tif,sparseresidential,train
sparseresidential/sparseresidential19.tif,sparseresidential,train
sparseresidential/sparseresidential06.tif,sparseresidential,train
sparseresidential/sparseresidential72.tif,sparseresidential,train
sparseresidential/sparseresidential70.tif,sparseresidential,train
sparseresidential/sparseresidential44.tif,sparseresidential,train
sparseresidential/sparseresidential39.tif,sparseresidential,train
sparseresidential/sparseresidential10.tif,sparseresidential,train
sparseresidential/sparseresidential27.tif,sparseresidential,train
sparseresidential/sparseresidential03.tif,sparseresidential,train
sparseresidential/sparseresidential52.tif,sparseresidential,train
sparseresidential/sparseresidential97.tif,sparseresidential,train
sparseresidential/sparseresidential78.tif,sparseresidential,train
sparseresidential/sparseresidential29.tif,sparseresidential,train
sparseresidential/sparseresidential16.tif,sparseresidential,train
sparseresidential/sparseresidential13.tif,sparseresidential,train
sparseresidential/sparseresidential53.tif,sparseresidential,train
sparseresidential/sparseresidential58.tif,sparseresidential,train
sparseresidential/sparseresidential14.tif,sparseresidential,train
sparseresidential/sparseresidential96.tif,sparseresidential,train
sparseresidential/sparseresidential94.tif,sparseresidential,train
sparseresidential/sparseresidential69.tif,sparseresidential,train
storagetanks/storagetanks09.tif,storagetanks,train
storagetanks/storagetanks28.tif,storagetanks,train
storagetanks/storagetanks30.tif,storagetanks,train
storagetanks/storagetanks79.tif,storagetanks,train
storagetanks/storagetanks49.tif,storagetanks,train
storagetanks/storagetanks64.tif,storagetanks,train
storagetanks/storagetanks32.tif,storagetanks,train
storagetanks/storagetanks24.tif,storagetanks,train
storagetanks/storagetanks36.tif,storagetanks,train
storagetanks/storagetanks89.tif,storagetanks,train
storagetanks/storagetanks73.tif,storagetanks,train
storagetanks/storagetanks55.tif,storagetanks,train
storagetanks/storagetanks44.tif,storagetanks,train
storagetanks/storagetanks46.tif,storagetanks,train
storagetanks/storagetanks95.tif,storagetanks,train
storagetanks/storagetanks42.tif,storagetanks,train
storagetanks/storagetanks03.tif,storagetanks,train
storagetanks/storagetanks99.tif,storagetanks,train
storagetanks/storagetanks14.tif,storagetanks,train
storagetanks/storagetanks11.tif,storagetanks,train
storagetanks/storagetanks16.tif,storagetanks,train
storagetanks/storagetanks05.tif,storagetanks,train
storagetanks/storagetanks53.tif,storagetanks,train
storagetanks/storagetanks85.tif,storagetanks,train
storagetanks/storagetanks23.tif,storagetanks,train
storagetanks/storagetanks45.tif,storagetanks,train
storagetanks/storagetanks07.tif,storagetanks,train
storagetanks/storagetanks08.tif,storagetanks,train
storagetanks/storagetanks40.tif,storagetanks,train
storagetanks/storagetanks80.tif,storagetanks,train
storagetanks/storagetanks84.tif,storagetanks,train
storagetanks/storagetanks97.tif,storagetanks,train
storagetanks/storagetanks33.tif,storagetanks,train
storagetanks/storagetanks86.tif,storagetanks,train
storagetanks/storagetanks01.tif,storagetanks,train
storagetanks/storagetanks20.tif,storagetanks,train
storagetanks/storagetanks15.tif,storagetanks,train
storagetanks/storagetanks65.tif,storagetanks,train
storagetanks/storagetanks50.tif,storagetanks,train
storagetanks/storagetanks74.tif,storagetanks,train
storagetanks/storagetanks48.tif,storagetanks,train
storagetanks/storagetanks78.tif,storagetanks,train
storagetanks/storagetanks10.tif,storagetanks,train
storagetanks/storagetanks43.tif,storagetanks,train
storagetanks/storagetanks27.tif,storagetanks,train
storagetanks/storagetanks93.tif,storagetanks,train
storagetanks/storagetanks81.tif,storagetanks,train
storagetanks/storagetanks19.tif,storagetanks,train
storagetanks/storagetanks31.tif,storagetanks,train
storagetanks/storagetanks18.tif,storagetanks,train
storagetanks/storagetanks41.tif,storagetanks,train
storagetanks/storagetanks21.tif,storagetanks,train
storagetanks/storagetanks37.tif,storagetanks,train
storagetanks/storagetanks47.tif,storagetanks,train
storagetanks/storagetanks70.tif,storagetanks,train
storagetanks/storagetanks52.tif,storagetanks,train
storagetanks/storagetanks34.tif,storagetanks,train
storagetanks/storagetanks12.tif,storagetanks,train
storagetanks/storagetanks51.tif,storagetanks,train
storagetanks/storagetanks77.tif,storagetanks,train
tenniscourt/tenniscourt42.tif,tenniscourt,train
tenniscourt/tenniscourt29.tif,tenniscourt,train
tenniscourt/tenniscourt23.tif,tenniscourt,train
tenniscourt/tenniscourt19.tif,tenniscourt,train
tenniscourt/tenniscourt70.tif,tenniscourt,train
tenniscourt/tenniscourt22.tif,tenniscourt,train
tenniscourt/tenniscourt60.tif,tenniscourt,train
tenniscourt/tenniscourt18.tif,tenniscourt,train
tenniscourt/tenniscourt48.tif,tenniscourt,train
tenniscourt/tenniscourt64.tif,tenniscourt,train
tenniscourt/tenniscourt77.tif,tenniscourt,train
tenniscourt/tenniscourt15.tif,tenniscourt,train
tenniscourt/tenniscourt30.tif,tenniscourt,train
tenniscourt/tenniscourt88.tif,tenniscourt,train
tenniscourt/tenniscourt56.tif,tenniscourt,train
tenniscourt/tenniscourt03.tif,tenniscourt,train
tenniscourt/tenniscourt73.tif,tenniscourt,train
tenniscourt/tenniscourt44.tif,tenniscourt,train
tenniscourt/tenniscourt34.tif,tenniscourt,train
tenniscourt/tenniscourt89.tif,tenniscourt,train
tenniscourt/tenniscourt27.tif,tenniscourt,train
tenniscourt/tenniscourt20.tif,tenniscourt,train
tenniscourt/tenniscourt59.tif,tenniscourt,train
tenniscourt/tenniscourt43.tif,tenniscourt,train
tenniscourt/tenniscourt80.tif,tenniscourt,train
tenniscourt/tenniscourt55.tif,tenniscourt,train
tenniscourt/tenniscourt37.tif,tenniscourt,train
tenniscourt/tenniscourt33.tif,tenniscourt,train
tenniscourt/tenniscourt39.tif,tenniscourt,train
tenniscourt/tenniscourt16.tif,tenniscourt,train
tenniscourt/tenniscourt35.tif,tenniscourt,train
tenniscourt/tenniscourt49.tif,tenniscourt,train
tenniscourt/tenniscourt57.tif,tenniscourt,train
tenniscourt/tenniscourt52.tif,tenniscourt,train
tenniscourt/tenniscourt38.tif,tenniscourt,train
tenniscourt/tenniscourt71.tif,tenniscourt,train
tenniscourt/tenniscourt54.tif,tenniscourt,train
tenniscourt/tenniscourt58.tif,tenniscourt,train
tenniscourt/tenniscourt68.tif,tenniscourt,train
tenniscourt/tenniscourt87.tif,tenniscourt,train
tenniscourt/tenniscourt45.tif,tenniscourt,train
tenniscourt/tenniscourt10.tif,tenniscourt,train
tenniscourt/tenniscourt91.tif,tenniscourt,train
tenniscourt/tenniscourt69.tif,tenniscourt,train
tenniscourt/tenniscourt41.tif,tenniscourt,train
tenniscourt/tenniscourt28.tif,tenniscourt,train
tenniscourt/tenniscourt90.tif,tenniscourt,train
tenniscourt/tenniscourt62.tif,tenniscourt,train
tenniscourt/tenniscourt53.tif,tenniscourt,train
tenniscourt/tenniscourt21.tif,tenniscourt,train
tenniscourt/tenniscourt13.tif,tenniscourt,train
tenniscourt/tenniscourt14.tif,tenniscourt,train
tenniscourt/tenniscourt76.tif,tenniscourt,train
tenniscourt/tenniscourt04.tif,tenniscourt,train
tenniscourt/tenniscourt82.tif,tenniscourt,train
tenniscourt/tenniscourt26.tif,tenniscourt,train
tenniscourt/tenniscourt99.tif,tenniscourt,train
tenniscourt/tenniscourt95.tif,tenniscourt,train
tenniscourt/tenniscourt66.tif,tenniscourt,train
tenniscourt/tenniscourt32.tif,tenniscourt,train
agricultural/agricultural02.tif,agricultural,test
agricultural/agricultural96.tif,agricultural,test
agricultural/agricultural91.tif,agricultural,test
agricultural/agricultural98.tif,agricultural,test
agricultural/agricultural68.tif,agricultural,test
agricultural/agricultural33.tif,agricultural,test
agricultural/agricultural40.tif,agricultural,test
agricultural/agricultural36.tif,agricultural,test
agricultural/agricultural87.tif,agricultural,test
agricultural/agricultural74.tif,agricultural,test
agricultural/agricultural28.tif,agricultural,test
agricultural/agricultural93.tif,agricultural,test
agricultural/agricultural63.tif,agricultural,test
agricultural/agricultural39.tif,agricultural,test
agricultural/agricultural26.tif,agricultural,test
agricultural/agricultural03.tif,agricultural,test
agricultural/agricultural86.tif,agricultural,test
agricultural/agricultural13.tif,agricultural,test
agricultural/agricultural92.tif,agricultural,test
agricultural/agricultural48.tif,agricultural,test
airplane/airplane04.tif,airplane,test
airplane/airplane46.tif,airplane,test
airplane/airplane15.tif,airplane,test
airplane/airplane31.tif,airplane,test
airplane/airplane94.tif,airplane,test
airplane/airplane97.tif,airplane,test
airplane/airplane74.tif,airplane,test
airplane/airplane09.tif,airplane,test
airplane/airplane48.tif,airplane,test
airplane/airplane35.tif,airplane,test
airplane/airplane50.tif,airplane,test
airplane/airplane55.tif,airplane,test
airplane/airplane84.tif,airplane,test
airplane/airplane70.tif,airplane,test
airplane/airplane56.tif,airplane,test
airplane/airplane28.tif,airplane,test
airplane/airplane83.tif,airplane,test
airplane/airplane49.tif,airplane,test
airplane/airplane65.tif,airplane,test
airplane/airplane60.tif,airplane,test
baseballdiamond/baseballdiamond78.tif,baseballdiamond,test
baseballdiamond/baseballdiamond10.tif,baseballdiamond,test
baseballdiamond/baseballdiamond63.tif,baseballdiamond,test
baseballdiamond/baseballdiamond02.tif,baseballdiamond,test
baseballdiamond/baseballdiamond85.tif,baseballdiamond,test
baseballdiamond/baseballdiamond96.tif,baseballdiamond,test
baseballdiamond/baseballdiamond47.tif,baseballdiamond,test
baseballdiamond/baseballdiamond64.tif,baseballdiamond,test
baseballdiamond/baseballdiamond13.tif,baseballdiamond,test
baseballdiamond/baseballdiamond65.tif,baseballdiamond,test
baseballdiamond/baseballdiamond16.tif,baseballdiamond,test
baseballdiamond/baseballdiamond21.tif,baseballdiamond,test
baseballdiamond/baseballdiamond87.tif,baseballdiamond,test
baseballdiamond/baseballdiamond34.tif,baseballdiamond,test
baseballdiamond/baseballdiamond92.tif,baseballdiamond,test
baseballdiamond/baseballdiamond59.tif,baseballdiamond,test
baseballdiamond/baseballdiamond14.tif,baseballdiamond,test
baseballdiamond/baseballdiamond11.tif,baseballdiamond,test
baseballdiamond/baseballdiamond49.tif,baseballdiamond,test
baseballdiamond/baseballdiamond50.tif,baseballdiamond,test
beach/beach89.tif,beach,test
beach/beach41.tif,beach,test
beach/beach04.tif,beach,test
beach/beach07.tif,beach,test
beach/beach06.tif,beach,test
beach/beach08.tif,beach,test
beach/beach83.tif,beach,test
beach/beach62.tif,beach,test
beach/beach97.tif,beach,test
beach/beach84.tif,beach,test
beach/beach57.tif,beach,test
beach/beach63.tif,beach,test
beach/beach92.tif,beach,test
beach/beach19.tif,beach,test
beach/beach81.tif,beach,test
beach/beach39.tif,beach,test
beach/beach70.tif,beach,test
beach/beach60.tif,beach,test
beach/beach05.tif,beach,test
beach/beach02.tif,beach,test
buildings/buildings41.tif,buildings,test
buildings/buildings75.tif,buildings,test
buildings/buildings12.tif,buildings,test
buildings/buildings64.tif,buildings,test
buildings/buildings91.tif,buildings,test
buildings/buildings08.tif,buildings,test
buildings/buildings99.tif,buildings,test
buildings/buildings81.tif,buildings,test
buildings/buildings27.tif,buildings,test
buildings/buildings30.tif,buildings,test
buildings/buildings92.tif,buildings,test
buildings/buildings40.tif,buildings,test
buildings/buildings09.tif,buildings,test
buildings/buildings17.tif,buildings,test
buildings/buildings25.tif,buildings,test
buildings/buildings24.tif,buildings,test
buildings/buildings77.tif,buildings,test
buildings/buildings39.tif,buildings,test
buildings/buildings46.tif,buildings,test
buildings/buildings32.tif,buildings,test
chaparral/chaparral63.tif,chaparral,test
chaparral/chaparral54.tif,chaparral,test
chaparral/chaparral46.tif,chaparral,test
chaparral/chaparral33.tif,chaparral,test
chaparral/chaparral30.tif,chaparral,test
chaparral/chaparral07.tif,chaparral,test
chaparral/chaparral81.tif,chaparral,test
chaparral/chaparral42.tif,chaparral,test
chaparral/chaparral52.tif,chaparral,test
chaparral/chaparral39.tif,chaparral,test
chaparral/chaparral98.tif,chaparral,test
chaparral/chaparral85.tif,chaparral,test
chaparral/chaparral02.tif,chaparral,test
chaparral/chaparral01.tif,chaparral,test
chaparral/chaparral83.tif,chaparral,test
chaparral/chaparral86.tif,chaparral,test
chaparral/chaparral17.tif,chaparral,test
chaparral/chaparral10.tif,chaparral,test
chaparral/chaparral79.tif,chaparral,test
chaparral/chaparral56.tif,chaparral,test
denseresidential/denseresidential46.tif,denseresidential,test
denseresidential/denseresidential53.tif,denseresidential,test
denseresidential/denseresidential95.tif,denseresidential,test
denseresidential/denseresidential36.tif,denseresidential,test
denseresidential/denseresidential58.tif,denseresidential,test
denseresidential/denseresidential32.tif,denseresidential,test
denseresidential/denseresidential01.tif,denseresidential,test
denseresidential/denseresidential38.tif,denseresidential,test
denseresidential/denseresidential55.tif,denseresidential,test
denseresidential/denseresidential75.tif,denseresidential,test
denseresidential/denseresidential11.tif,denseresidential,test
denseresidential/denseresidential92.tif,denseresidential,test
denseresidential/denseresidential57.tif,denseresidential,test
denseresidential/denseresidential85.tif,denseresidential,test
denseresidential/denseresidential69.tif,denseresidential,test
denseresidential/denseresidential02.tif,denseresidential,test
denseresidential/denseresidential59.tif,denseresidential,test
denseresidential/denseresidential30.tif,denseresidential,test
denseresidential/denseresidential34.tif,denseresidential,test
denseresidential/denseresidential54.tif,denseresidential,test
forest/forest62.tif,forest,test
forest/forest63.tif,forest,test
forest/forest66.tif,forest,test
forest/forest96.tif,forest,test
forest/forest36.tif,forest,test
forest/forest80.tif,forest,test
forest/forest14.tif,forest,test
forest/forest39.tif,forest,test
forest/forest10.tif,forest,test
forest/forest72.tif,forest,test
forest/forest20.tif,forest,test
forest/forest90.tif,forest,test
forest/forest73.tif,forest,test
forest/forest74.tif,forest,test
forest/forest57.tif,forest,test
forest/forest81.tif,forest,test
forest/forest64.tif,forest,test
forest/forest32.tif,forest,test
forest/forest97.tif,forest,test
forest/forest44.tif,forest,test
freeway/freeway36.tif,freeway,test
freeway/freeway19.tif,freeway,test
freeway/freeway00.tif,freeway,test
freeway/freeway69.tif,freeway,test
freeway/freeway38.tif,freeway,test
freeway/freeway88.tif,freeway,test
freeway/freeway17.tif,freeway,test
freeway/freeway03.tif,freeway,test
freeway/freeway05.tif,freeway,test
freeway/freeway06.tif,freeway,test
freeway/freeway66.tif,freeway,test
freeway/freeway89.tif,freeway,test
freeway/freeway98.tif,freeway,test
freeway/freeway48.tif,freeway,test
freeway/freeway63.tif,freeway,test
freeway/freeway62.tif,freeway,test
freeway/freeway21.tif,freeway,test
freeway/freeway77.tif,freeway,test
freeway/freeway25.tif,freeway,test
freeway/freeway54.tif,freeway,test
golfcourse/golfcourse14.tif,golfcourse,test
golfcourse/golfcourse37.tif,golfcourse,test
golfcourse/golfcourse92.tif,golfcourse,test
golfcourse/golfcourse67.tif,golfcourse,test
golfcourse/golfcourse82.tif,golfcourse,test
golfcourse/golfcourse49.tif,golfcourse,test
golfcourse/golfcourse05.tif,golfcourse,test
golfcourse/golfcourse59.tif,golfcourse,test
golfcourse/golfcourse13.tif,golfcourse,test
golfcourse/golfcourse02.tif,golfcourse,test
golfcourse/golfcourse29.tif,golfcourse,test
golfcourse/golfcourse98.tif,golfcourse,test
golfcourse/golfcourse26.tif,golfcourse,test
golfcourse/golfcourse45.tif,golfcourse,test
golfcourse/golfcourse31.tif,golfcourse,test
golfcourse/golfcourse30.tif,golfcourse,test
golfcourse/golfcourse43.tif,golfcourse,test
golfcourse/golfcourse62.tif,golfcourse,test
golfcourse/golfcourse93.tif,golfcourse,test
golfcourse/golfcourse81.tif,golfcourse,test
harbor/harbor27.tif,harbor,test
harbor/harbor49.tif,harbor,test
harbor/harbor70.tif,harbor,test
harbor/harbor74.tif,harbor,test
harbor/harbor16.tif,harbor,test
harbor/harbor60.tif,harbor,test
harbor/harbor54.tif,harbor,test
harbor/harbor43.tif,harbor,test
harbor/harbor52.tif,harbor,test
harbor/harbor38.tif,harbor,test
harbor/harbor57.tif,harbor,test
harbor/harbor77.tif,harbor,test
harbor/harbor25.tif,harbor,test
harbor/harbor90.tif,harbor,test
harbor/harbor62.tif,harbor,test
harbor/harbor22.tif,harbor,test
harbor/harbor91.tif,harbor,test
harbor/harbor41.tif,harbor,test
harbor/harbor50.tif,harbor,test
harbor/harbor24.tif,harbor,test
intersection/intersection30.tif,intersection,test
intersection/intersection36.tif,intersection,test
intersection/intersection31.tif,intersection,test
intersection/intersection87.tif,intersection,test
intersection/intersection09.tif,intersection,test
intersection/intersection00.tif,intersection,test
intersection/intersection99.tif,intersection,test
intersection/intersection91.tif,intersection,test
intersection/intersection67.tif,intersection,test
intersection/intersection94.tif,intersection,test
intersection/intersection45.tif,intersection,test
intersection/intersection54.tif,intersection,test
intersection/intersection60.tif,intersection,test
intersection/intersection74.tif,intersection,test
intersection/intersection57.tif,intersection,test
intersection/intersection68.tif,intersection,test
intersection/intersection88.tif,intersection,test
intersection/intersection97.tif,intersection,test
intersection/intersection93.tif,intersection,test
intersection/intersection10.tif,intersection,test
mediumresidential/mediumresidential11.tif,mediumresidential,test
mediumresidential/mediumresidential16.tif,mediumresidential,test
mediumresidential/mediumresidential96.tif,mediumresidential,test
mediumresidential/mediumresidential87.tif,mediumresidential,test
mediumresidential/mediumresidential79.tif,mediumresidential,test
mediumresidential/mediumresidential89.tif,mediumresidential,test
mediumresidential/mediumresidential41.tif,mediumresidential,test
mediumresidential/mediumresidential29.tif,mediumresidential,test
mediumresidential/mediumresidential51.tif,mediumresidential,test
mediumresidential/mediumresidential76.tif,mediumresidential,test
mediumresidential/mediumresidential82.tif,mediumresidential,test
mediumresidential/mediumresidential58.tif,mediumresidential,test
mediumresidential/mediumresidential21.tif,mediumresidential,test
mediumresidential/mediumresidential09.tif,mediumresidential,test
mediumresidential/mediumresidential64.tif,mediumresidential,test
mediumresidential/mediumresidential18.tif,mediumresidential,test
mediumresidential/mediumresidential57.tif,mediumresidential,test
mediumresidential/mediumresidential52.tif,mediumresidential,test
mediumresidential/mediumresidential05.tif,mediumresidential,test
mediumresidential/mediumresidential49.tif,mediumresidential,test
mobilehomepark/mobilehomepark25.tif,mobilehomepark,test
mobilehomepark/mobilehomepark41.tif,mobilehomepark,test
mobilehomepark/mobilehomepark57.tif,mobilehomepark,test
mobilehomepark/mobilehomepark45.tif,mobilehomepark,test
mobilehomepark/mobilehomepark73.tif,mobilehomepark,test
mobilehomepark/mobilehomepark42.tif,mobilehomepark,test
mobilehomepark/mobilehomepark61.tif,mobilehomepark,test
mobilehomepark/mobilehomepark04.tif,mobilehomepark,test
mobilehomepark/mobilehomepark50.tif,mobilehomepark,test
mobilehomepark/mobilehomepark86.tif,mobilehomepark,test
mobilehomepark/mobilehomepark69.tif,mobilehomepark,test
mobilehomepark/mobilehomepark32.tif,mobilehomepark,test
mobilehomepark/mobilehomepark47.tif,mobilehomepark,test
mobilehomepark/mobilehomepark21.tif,mobilehomepark,test
mobilehomepark/mobilehomepark66.tif,mobilehomepark,test
mobilehomepark/mobilehomepark36.tif,mobilehomepark,test
mobilehomepark/mobilehomepark02.tif,mobilehomepark,test
mobilehomepark/mobilehomepark37.tif,mobilehomepark,test
mobilehomepark/mobilehomepark64.tif,mobilehomepark,test
mobilehomepark/mobilehomepark56.tif,mobilehomepark,test
overpass/overpass71.tif,overpass,test
overpass/overpass59.tif,overpass,test
overpass/overpass85.tif,overpass,test
overpass/overpass78.tif,overpass,test
overpass/overpass28.tif,overpass,test
overpass/overpass98.tif,overpass,test
overpass/overpass96.tif,overpass,test
overpass/overpass31.tif,overpass,test
overpass/overpass69.tif,overpass,test
overpass/overpass64.tif,overpass,test
overpass/overpass05.tif,overpass,test
overpass/overpass44.tif,overpass,test
overpass/overpass34.tif,overpass,test
overpass/overpass57.tif,overpass,test
overpass/overpass82.tif,overpass,test
overpass/overpass54.tif,overpass,test
overpass/overpass93.tif,overpass,test
overpass/overpass13.tif,overpass,test
overpass/overpass08.tif,overpass,test
overpass/overpass52.tif,overpass,test
parkinglot/parkinglot04.tif,parkinglot,test
parkinglot/parkinglot32.tif,parkinglot,test
parkinglot/parkinglot54.tif,parkinglot,test
parkinglot/parkinglot38.tif,parkinglot,test
parkinglot/parkinglot41.tif,parkinglot,test
parkinglot/parkinglot50.tif,parkinglot,test
parkinglot/parkinglot77.tif,parkinglot,test
parkinglot/parkinglot06.tif,parkinglot,test
parkinglot/parkinglot18.tif,parkinglot,test
parkinglot/parkinglot44.tif,parkinglot,test
parkinglot/parkinglot09.tif,parkinglot,test
parkinglot/parkinglot57.tif,parkinglot,test
parkinglot/parkinglot68.tif,parkinglot,test
parkinglot/parkinglot78.tif,parkinglot,test
parkinglot/parkinglot35.tif,parkinglot,test
parkinglot/parkinglot51.tif,parkinglot,test
parkinglot/parkinglot62.tif,parkinglot,test
parkinglot/parkinglot13.tif,parkinglot,test
parkinglot/parkinglot81.tif,parkinglot,test
parkinglot/parkinglot56.tif,parkinglot,test
river/river35.tif,river,test
river/river60.tif,river,test
river/river18.tif,river,test
river/river62.tif,river,test
river/river02.tif,river,test
river/river39.tif,river,test
river/river11.tif,river,test
river/river44.tif,river,test
river/river43.tif,river,test
river/river68.tif,river,test
river/river56.tif,river,test
river/river42.tif,river,test
river/river72.tif,river,test
river/river30.tif,river,test
river/river16.tif,river,test
river/river59.tif,river,test
river/river03.tif,river,test
river/river55.tif,river,test
river/river13.tif,river,test
river/river50.tif,river,test
runway/runway89.tif,runway,test
runway/runway97.tif,runway,test
runway/runway54.tif,runway,test
runway/runway93.tif,runway,test
runway/runway47.tif,runway,test
runway/runway34.tif,runway,test
runway/runway30.tif,runway,test
runway/runway21.tif,runway,test
runway/runway22.tif,runway,test
runway/runway20.tif,runway,test
runway/runway53.tif,runway,test
runway/runway60.tif,runway,test
runway/runway84.tif,runway,test
runway/runway72.tif,runway,test
runway/runway08.tif,runway,test
runway/runway11.tif,runway,test
runway/runway58.tif,runway,test
runway/runway28.tif,runway,test
runway/runway61.tif,runway,test
runway/runway77.tif,runway,test
sparseresidential/sparseresidential32.tif,sparseresidential,test
sparseresidential/sparseresidential42.tif,sparseresidential,test
sparseresidential/sparseresidential83.tif,sparseresidential,test
sparseresidential/sparseresidential34.tif,sparseresidential,test
sparseresidential/sparseresidential40.tif,sparseresidential,test
sparseresidential/sparseresidential00.tif,sparseresidential,test
sparseresidential/sparseresidential31.tif,sparseresidential,test
sparseresidential/sparseresidential12.tif,sparseresidential,test
sparseresidential/sparseresidential76.tif,sparseresidential,test
sparseresidential/sparseresidential77.tif,sparseresidential,test
sparseresidential/sparseresidential22.tif,sparseresidential,test
sparseresidential/sparseresidential93.tif,sparseresidential,test
sparseresidential/sparseresidential54.tif,sparseresidential,test
sparseresidential/sparseresidential46.tif,sparseresidential,test
sparseresidential/sparseresidential04.tif,sparseresidential,test
sparseresidential/sparseresidential35.tif,sparseresidential,test
sparseresidential/sparseresidential28.tif,sparseresidential,test
sparseresidential/sparseresidential64.tif,sparseresidential,test
sparseresidential/sparseresidential89.tif,sparseresidential,test
sparseresidential/sparseresidential08.tif,sparseresidential,test
storagetanks/storagetanks98.tif,storagetanks,test
storagetanks/storagetanks00.tif,storagetanks,test
storagetanks/storagetanks25.tif,storagetanks,test
storagetanks/storagetanks62.tif,storagetanks,test
storagetanks/storagetanks72.tif,storagetanks,test
storagetanks/storagetanks83.tif,storagetanks,test
storagetanks/storagetanks59.tif,storagetanks,test
storagetanks/storagetanks68.tif,storagetanks,test
storagetanks/storagetanks35.tif,storagetanks,test
storagetanks/storagetanks69.tif,storagetanks,test
storagetanks/storagetanks57.tif,storagetanks,test
storagetanks/storagetanks39.tif,storagetanks,test
storagetanks/storagetanks82.tif,storagetanks,test
storagetanks/storagetanks26.tif,storagetanks,test
storagetanks/storagetanks58.tif,storagetanks,test
storagetanks/storagetanks38.tif,storagetanks,test
storagetanks/storagetanks91.tif,storagetanks,test
storagetanks/storagetanks90.tif,storagetanks,test
storagetanks/storagetanks61.tif,storagetanks,test
storagetanks/storagetanks29.tif,storagetanks,test
tenniscourt/tenniscourt00.tif,tenniscourt,test
tenniscourt/tenniscourt06.tif,tenniscourt,test
tenniscourt/tenniscourt85.tif,tenniscourt,test
tenniscourt/tenniscourt93.tif,tenniscourt,test
tenniscourt/tenniscourt40.tif,tenniscourt,test
tenniscourt/tenniscourt81.tif,tenniscourt,test
tenniscourt/tenniscourt78.tif,tenniscourt,test
tenniscourt/tenniscourt31.tif,tenniscourt,test
tenniscourt/tenniscourt01.tif,tenniscourt,test
tenniscourt/tenniscourt74.tif,tenniscourt,test
tenniscourt/tenniscourt08.tif,tenniscourt,test
tenniscourt/tenniscourt63.tif,tenniscourt,test
tenniscourt/tenniscourt24.tif,tenniscourt,test
tenniscourt/tenniscourt47.tif,tenniscourt,test
tenniscourt/tenniscourt02.tif,tenniscourt,test
tenniscourt/tenniscourt61.tif,tenniscourt,test
tenniscourt/tenniscourt92.tif,tenniscourt,test
tenniscourt/tenniscourt96.tif,tenniscourt,test
tenniscourt/tenniscourt12.tif,tenniscourt,test
tenniscourt/tenniscourt79.tif,tenniscourt,test
agricultural/agricultural52.tif,agricultural,validation
airplane/airplane25.tif,airplane,validation
airplane/airplane30.tif,airplane,validation
baseballdiamond/baseballdiamond44.tif,baseballdiamond,validation
beach/beach53.tif,beach,validation
beach/beach21.tif,beach,validation
buildings/buildings60.tif,buildings,validation
buildings/buildings04.tif,buildings,validation
chaparral/chaparral25.tif,chaparral,validation
chaparral/chaparral09.tif,chaparral,validation
chaparral/chaparral32.tif,chaparral,validation
denseresidential/denseresidential63.tif,denseresidential,validation
forest/forest01.tif,forest,validation
freeway/freeway45.tif,freeway,validation
freeway/freeway46.tif,freeway,validation
freeway/freeway76.tif,freeway,validation
golfcourse/golfcourse47.tif,golfcourse,validation
golfcourse/golfcourse34.tif,golfcourse,validation
golfcourse/golfcourse32.tif,golfcourse,validation
harbor/harbor11.tif,harbor,validation
harbor/harbor21.tif,harbor,validation
harbor/harbor99.tif,harbor,validation
intersection/intersection23.tif,intersection,validation
intersection/intersection73.tif,intersection,validation
mobilehomepark/mobilehomepark97.tif,mobilehomepark,validation
mobilehomepark/mobilehomepark81.tif,mobilehomepark,validation
mobilehomepark/mobilehomepark01.tif,mobilehomepark,validation
mobilehomepark/mobilehomepark74.tif,mobilehomepark,validation
overpass/overpass11.tif,overpass,validation
overpass/overpass79.tif,overpass,validation
overpass/overpass67.tif,overpass,validation
parkinglot/parkinglot86.tif,parkinglot,validation
river/river99.tif,river,validation
runway/runway78.tif,runway,validation
runway/runway80.tif,runway,validation
sparseresidential/sparseresidential61.tif,sparseresidential,validation
tenniscourt/tenniscourt50.tif,tenniscourt,validation
tenniscourt/tenniscourt11.tif,tenniscourt,validation
