Mountain/Mountain_18.jpg,Mountain
Residential/residential_14.jpg,Residential
Pond/pond_07.jpg,Pond
Port/port_08.jpg,Port
Beach/beach-01.jpg,Beach
railwayStation/railwayStation_17.jpg,railwayStation
Bridge/bridge_17.jpg,Bridge
railwayStation/railwayStation_37.jpg,railwayStation
Residential/residential_49.jpg,Residential
railwayStation/railwayStation_36.jpg,railwayStation
Desert/Desert_44.jpg,Desert
Forest/forest_19.jpg,Forest
Pond/pond_34.jpg,Pond
Residential/residential_48.jpg,Residential
Farmland/Farmland-44.jpg,Farmland
Commercial/commercial_38.jpg,Commercial
Industrial/industrial_19.jpg,Industrial
Commercial/commercial_47.jpg,Commercial
Parking/parking_45.jpg,Parking
Industrial/industrial_33.jpg,Industrial
Industrial/industrial_48.jpg,Industrial
Residential/residential_19.jpg,Residential
Residential/residential_23.jpg,Residential
Beach/beach-26.jpg,Beach
Residential/residential_39.jpg,Residential
Meadow/meadow_55.jpg,Meadow
Mountain/Mountain_45.jpg,Mountain
Park/Park_23.jpg,Park
Pond/pond_38.jpg,Pond
Viaduct/viaduct_31.jpg,Viaduct
Industrial/industrial_27.jpg,Industrial
Desert/Desert_29.jpg,Desert
Farmland/Farmland-23.jpg,Farmland
Parking/parking_32.jpg,Parking
Pond/pond_01.jpg,Pond
Pond/pond_09.jpg,Pond
Mountain/Mountain_46.jpg,Mountain
railwayStation/railwayStation_47.jpg,railwayStation
Park/Park_42.jpg,Park
Parking/parking_22.jpg,Parking
Pond/pond_35.jpg,Pond
Mountain/Mountain_30.jpg,Mountain
footballField/footballField_12.jpg,footballField
footballField/footballField_21.jpg,footballField
Port/port_19.jpg,Port
Desert/Desert_15.jpg,Desert
Mountain/Mountain_36.jpg,Mountain
Beach/beach-43.jpg,Beach
Desert/Desert_35.jpg,Desert
Park/Park_34.jpg,Park
footballField/footballField_36.jpg,footballField
Industrial/industrial_24.jpg,Industrial
Parking/parking_41.jpg,Parking
Park/Park_14.jpg,Park
Forest/forest_45.jpg,Forest
Commercial/commercial_42.jpg,Commercial
Farmland/Farmland-03.jpg,Farmland
Desert/Desert_40.jpg,Desert
Beach/beach-22.jpg,Beach
Park/Park_18.jpg,Park
Bridge/bridge_34.jpg,Bridge
Pond/pond_42.jpg,Pond
Park/Park_03.jpg,Park
Industrial/industrial_02.jpg,Industrial
Farmland/Farmland-26.jpg,Farmland
Residential/residential_12.jpg,Residential
Port/port_36.jpg,Port
railwayStation/railwayStation_41.jpg,railwayStation
Park/Park_02.jpg,Park
Mountain/Mountain_38.jpg,Mountain
Pond/pond_12.jpg,Pond
Bridge/bridge_16.jpg,Bridge
Farmland/Farmland-01.jpg,Farmland
Airport/airport_03.jpg,Airport
Industrial/industrial_36.jpg,Industrial
Mountain/Mountain_16.jpg,Mountain
River/river_56.jpg,River
Forest/forest_03.jpg,Forest
Industrial/industrial_21.jpg,Industrial
Airport/airport_53.jpg,Airport
Mountain/Mountain_03.jpg,Mountain
Port/port_18.jpg,Port
Viaduct/viaduct_44.jpg,Viaduct
Desert/Desert_50.jpg,Desert
Viaduct/viaduct_14.jpg,Viaduct
railwayStation/railwayStation_30.jpg,railwayStation
Commercial/commercial_55.jpg,Commercial
footballField/footballField_03.jpg,footballField
Port/port_48.jpg,Port
Beach/beach-50.jpg,Beach
Industrial/industrial_30.jpg,Industrial
Bridge/bridge_18.jpg,Bridge
Viaduct/viaduct_52.jpg,Viaduct
Desert/Desert_05.jpg,Desert
Desert/Desert_10.jpg,Desert
Airport/airport_24.jpg,Airport
Airport/airport_02.jpg,Airport
Beach/beach-06.jpg,Beach
Port/port_45.jpg,Port
Parking/parking_31.jpg,Parking
Airport/airport_35.jpg,Airport
Pond/pond_20.jpg,Pond
Viaduct/viaduct_23.jpg,Viaduct
Bridge/bridge_10.jpg,Bridge
Beach/beach-09.jpg,Beach
Meadow/meadow_52.jpg,Meadow
Viaduct/viaduct_58.jpg,Viaduct
Airport/airport_49.jpg,Airport
Meadow/meadow_51.jpg,Meadow
Mountain/Mountain_49.jpg,Mountain
Meadow/meadow_20.jpg,Meadow
Residential/residential_53.jpg,Residential
Airport/airport_11.jpg,Airport
Viaduct/viaduct_02.jpg,Viaduct
Meadow/meadow_35.jpg,Meadow
footballField/footballField_44.jpg,footballField
Residential/residential_47.jpg,Residential
Beach/beach-33.jpg,Beach
Park/Park_30.jpg,Park
Meadow/meadow_58.jpg,Meadow
Residential/residential_30.jpg,Residential
footballField/footballField_41.jpg,footballField
footballField/footballField_23.jpg,footballField
Forest/forest_49.jpg,Forest
Parking/parking_02.jpg,Parking
Bridge/bridge_31.jpg,Bridge
Viaduct/viaduct_17.jpg,Viaduct
Residential/residential_36.jpg,Residential
River/river_39.jpg,River
Industrial/industrial_38.jpg,Industrial
Desert/Desert_24.jpg,Desert
footballField/footballField_28.jpg,footballField
Mountain/Mountain_44.jpg,Mountain
Commercial/commercial_31.jpg,Commercial
Farmland/Farmland-35.jpg,Farmland
footballField/footballField_43.jpg,footballField
Commercial/commercial_22.jpg,Commercial
Industrial/industrial_22.jpg,Industrial
Residential/residential_09.jpg,Residential
Meadow/meadow_09.jpg,Meadow
Airport/airport_38.jpg,Airport
Viaduct/viaduct_40.jpg,Viaduct
Commercial/commercial_27.jpg,Commercial
Bridge/bridge_04.jpg,Bridge
Beach/beach-18.jpg,Beach
Commercial/commercial_01.jpg,Commercial
Pond/pond_54.jpg,Pond
Viaduct/viaduct_07.jpg,Viaduct
Airport/airport_07.jpg,Airport
Meadow/meadow_53.jpg,Meadow
Commercial/commercial_46.jpg,Commercial
Residential/residential_04.jpg,Residential
Bridge/bridge_49.jpg,Bridge
River/river_28.jpg,River
Forest/forest_46.jpg,Forest
Viaduct/viaduct_57.jpg,Viaduct
Commercial/commercial_24.jpg,Commercial
Pond/pond_15.jpg,Pond
Park/Park_13.jpg,Park
River/river_29.jpg,River
Parking/parking_34.jpg,Parking
Bridge/bridge_37.jpg,Bridge
Forest/forest_30.jpg,Forest
River/river_19.jpg,River
Desert/Desert_26.jpg,Desert
Residential/residential_08.jpg,Residential
Industrial/industrial_41.jpg,Industrial
Forest/forest_39.jpg,Forest
Airport/airport_23.jpg,Airport
footballField/footballField_09.jpg,footballField
Viaduct/viaduct_18.jpg,Viaduct
Meadow/meadow_59.jpg,Meadow
Mountain/Mountain_32.jpg,Mountain
Farmland/Farmland-17.jpg,Farmland
Bridge/bridge_35.jpg,Bridge
Forest/forest_02.jpg,Forest
Parking/parking_46.jpg,Parking
Desert/Desert_18.jpg,Desert
Forest/forest_40.jpg,Forest
Farmland/Farmland-22.jpg,Farmland
Airport/airport_14.jpg,Airport
railwayStation/railwayStation_08.jpg,railwayStation
Commercial/commercial_54.jpg,Commercial
Mountain/Mountain_06.jpg,Mountain
Forest/forest_07.jpg,Forest
Farmland/Farmland-45.jpg,Farmland
Beach/beach-42.jpg,Beach
Meadow/meadow_50.jpg,Meadow
Industrial/industrial_16.jpg,Industrial
River/river_16.jpg,River
Residential/residential_15.jpg,Residential
River/river_27.jpg,River
Meadow/meadow_34.jpg,Meadow
Industrial/industrial_32.jpg,Industrial
Commercial/commercial_52.jpg,Commercial
Meadow/meadow_28.jpg,Meadow
Desert/Desert_19.jpg,Desert
Port/port_23.jpg,Port
Pond/pond_43.jpg,Pond
River/river_10.jpg,River
Pond/pond_30.jpg,Pond
Port/port_47.jpg,Port
Forest/forest_16.jpg,Forest
Port/port_35.jpg,Port
Mountain/Mountain_13.jpg,Mountain
Meadow/meadow_42.jpg,Meadow
Beach/beach-12.jpg,Beach
Desert/Desert_28.jpg,Desert
Port/port_04.jpg,Port
Viaduct/viaduct_41.jpg,Viaduct
Park/Park_29.jpg,Park
Port/port_15.jpg,Port
Pond/pond_03.jpg,Pond
Commercial/commercial_39.jpg,Commercial
footballField/footballField_20.jpg,footballField
Beach/beach-45.jpg,Beach
Forest/forest_22.jpg,Forest
railwayStation/railwayStation_25.jpg,railwayStation
Bridge/bridge_26.jpg,Bridge
railwayStation/railwayStation_14.jpg,railwayStation
Desert/Desert_17.jpg,Desert
Port/port_01.jpg,Port
Parking/parking_08.jpg,Parking
River/river_25.jpg,River
Parking/parking_50.jpg,Parking
Pond/pond_29.jpg,Pond
Meadow/meadow_38.jpg,Meadow
footballField/footballField_37.jpg,footballField
Mountain/Mountain_34.jpg,Mountain
Mountain/Mountain_10.jpg,Mountain
Commercial/commercial_50.jpg,Commercial
railwayStation/railwayStation_16.jpg,railwayStation
Port/port_24.jpg,Port
footballField/footballField_48.jpg,footballField
Airport/airport_51.jpg,Airport
Parking/parking_44.jpg,Parking
Commercial/commercial_05.jpg,Commercial
Beach/beach-48.jpg,Beach
Beach/beach-16.jpg,Beach
Meadow/meadow_07.jpg,Meadow
River/river_09.jpg,River
railwayStation/railwayStation_42.jpg,railwayStation
Port/port_07.jpg,Port
Airport/airport_26.jpg,Airport
Airport/airport_54.jpg,Airport
Pond/pond_41.jpg,Pond
Meadow/meadow_45.jpg,Meadow
Residential/residential_42.jpg,Residential
Parking/parking_17.jpg,Parking
River/river_22.jpg,River
Bridge/bridge_28.jpg,Bridge
River/river_11.jpg,River
Mountain/Mountain_08.jpg,Mountain
Industrial/industrial_08.jpg,Industrial
Port/port_49.jpg,Port
Farmland/Farmland-49.jpg,Farmland
Commercial/commercial_26.jpg,Commercial
Viaduct/viaduct_55.jpg,Viaduct
Beach/beach-03.jpg,Beach
Industrial/industrial_15.jpg,Industrial
footballField/footballField_34.jpg,footballField
Park/Park_19.jpg,Park
Parking/parking_36.jpg,Parking
railwayStation/railwayStation_23.jpg,railwayStation
Farmland/Farmland-25.jpg,Farmland
Parking/parking_18.jpg,Parking
Beach/beach-31.jpg,Beach
Viaduct/viaduct_30.jpg,Viaduct
Port/port_09.jpg,Port
Viaduct/viaduct_04.jpg,Viaduct
Meadow/meadow_13.jpg,Meadow
Residential/residential_34.jpg,Residential
Viaduct/viaduct_49.jpg,Viaduct
Park/Park_17.jpg,Park
Mountain/Mountain_47.jpg,Mountain
Residential/residential_18.jpg,Residential
Port/port_28.jpg,Port
Commercial/commercial_06.jpg,Commercial
River/river_08.jpg,River
railwayStation/railwayStation_31.jpg,railwayStation
Commercial/commercial_36.jpg,Commercial
Commercial/commercial_43.jpg,Commercial
Park/Park_33.jpg,Park
Viaduct/viaduct_53.jpg,Viaduct
Forest/forest_04.jpg,Forest
Industrial/industrial_29.jpg,Industrial
River/river_06.jpg,River
Desert/Desert_23.jpg,Desert
Port/port_51.jpg,Port
Meadow/meadow_31.jpg,Meadow
Pond/pond_39.jpg,Pond
Farmland/Farmland-47.jpg,Farmland
River/river_02.jpg,River
railwayStation/railwayStation_13.jpg,railwayStation
Viaduct/viaduct_29.jpg,Viaduct
Beach/beach-02.jpg,Beach
Farmland/Farmland-31.jpg,Farmland
Forest/forest_10.jpg,Forest
Commercial/commercial_09.jpg,Commercial
Pond/pond_36.jpg,Pond
footballField/footballField_46.jpg,footballField
Bridge/bridge_48.jpg,Bridge
Parking/parking_27.jpg,Parking
Desert/Desert_36.jpg,Desert
Viaduct/viaduct_26.jpg,Viaduct
Port/port_46.jpg,Port
River/river_41.jpg,River
Industrial/industrial_23.jpg,Industrial
Desert/Desert_21.jpg,Desert
Commercial/commercial_23.jpg,Commercial
Bridge/bridge_23.jpg,Bridge
Farmland/Farmland-10.jpg,Farmland
Commercial/commercial_20.jpg,Commercial
Industrial/industrial_43.jpg,Industrial
Forest/forest_23.jpg,Forest
Bridge/bridge_24.jpg,Bridge
Meadow/meadow_56.jpg,Meadow
Parking/parking_26.jpg,Parking
railwayStation/railwayStation_34.jpg,railwayStation
Commercial/commercial_34.jpg,Commercial
Industrial/industrial_34.jpg,Industrial
Park/Park_26.jpg,Park
Desert/Desert_48.jpg,Desert
Beach/beach-40.jpg,Beach
railwayStation/railwayStation_10.jpg,railwayStation
footballField/footballField_33.jpg,footballField
Desert/Desert_46.jpg,Desert
Viaduct/viaduct_19.jpg,Viaduct
Park/Park_11.jpg,Park
Forest/forest_09.jpg,Forest
Airport/airport_34.jpg,Airport
Meadow/meadow_27.jpg,Meadow
Residential/residential_16.jpg,Residential
Commercial/commercial_29.jpg,Commercial
Bridge/bridge_07.jpg,Bridge
Viaduct/viaduct_56.jpg,Viaduct
Bridge/bridge_21.jpg,Bridge
Meadow/meadow_37.jpg,Meadow
Pond/pond_24.jpg,Pond
Pond/pond_13.jpg,Pond
Airport/airport_45.jpg,Airport
Port/port_33.jpg,Port
footballField/footballField_47.jpg,footballField
railwayStation/railwayStation_39.jpg,railwayStation
Meadow/meadow_49.jpg,Meadow
footballField/footballField_29.jpg,footballField
Meadow/meadow_12.jpg,Meadow
Airport/airport_06.jpg,Airport
Port/port_43.jpg,Port
Meadow/meadow_60.jpg,Meadow
railwayStation/railwayStation_24.jpg,railwayStation
Residential/residential_45.jpg,Residential
River/river_13.jpg,River
Airport/airport_27.jpg,Airport
Farmland/Farmland-39.jpg,Farmland
Forest/forest_15.jpg,Forest
Park/Park_39.jpg,Park
Pond/pond_19.jpg,Pond
Desert/Desert_13.jpg,Desert
Port/port_14.jpg,Port
Mountain/Mountain_35.jpg,Mountain
Meadow/meadow_54.jpg,Meadow
Industrial/industrial_20.jpg,Industrial
Park/Park_36.jpg,Park
Pond/pond_45.jpg,Pond
Commercial/commercial_12.jpg,Commercial
Bridge/bridge_44.jpg,Bridge
Viaduct/viaduct_25.jpg,Viaduct
Forest/forest_06.jpg,Forest
Residential/residential_40.jpg,Residential
railwayStation/railwayStation_15.jpg,railwayStation
Bridge/bridge_29.jpg,Bridge
River/river_42.jpg,River
Pond/pond_16.jpg,Pond
River/river_32.jpg,River
Residential/residential_10.jpg,Residential
Park/Park_49.jpg,Park
Mountain/Mountain_42.jpg,Mountain
Viaduct/viaduct_06.jpg,Viaduct
railwayStation/railwayStation_48.jpg,railwayStation
Farmland/Farmland-15.jpg,Farmland
railwayStation/railwayStation_07.jpg,railwayStation
Park/Park_20.jpg,Park
Meadow/meadow_33.jpg,Meadow
Industrial/industrial_31.jpg,Industrial
Farmland/Farmland-30.jpg,Farmland
Airport/airport_21.jpg,Airport
Parking/parking_21.jpg,Parking
Meadow/meadow_08.jpg,Meadow
Meadow/meadow_46.jpg,Meadow
railwayStation/railwayStation_49.jpg,railwayStation
Park/Park_12.jpg,Park
Parking/parking_40.jpg,Parking
Port/port_50.jpg,Port
River/river_48.jpg,River
Bridge/bridge_08.jpg,Bridge
Pond/pond_40.jpg,Pond
Residential/residential_28.jpg,Residential
Viaduct/viaduct_16.jpg,Viaduct
Bridge/bridge_32.jpg,Bridge
Residential/residential_03.jpg,Residential
Beach/beach-15.jpg,Beach
River/river_21.jpg,River
Park/Park_38.jpg,Park
Pond/pond_25.jpg,Pond
Residential/residential_13.jpg,Residential
Viaduct/viaduct_32.jpg,Viaduct
Bridge/bridge_45.jpg,Bridge
Beach/beach-27.jpg,Beach
Mountain/Mountain_09.jpg,Mountain
Airport/airport_05.jpg,Airport
Commercial/commercial_07.jpg,Commercial
Parking/parking_03.jpg,Parking
Beach/beach-10.jpg,Beach
Farmland/Farmland-41.jpg,Farmland
Farmland/Farmland-48.jpg,Farmland
River/river_50.jpg,River
Beach/beach-19.jpg,Beach
River/river_36.jpg,River
Port/port_22.jpg,Port
Meadow/meadow_02.jpg,Meadow
Forest/forest_32.jpg,Forest
Park/Park_21.jpg,Park
footballField/footballField_22.jpg,footballField
Viaduct/viaduct_10.jpg,Viaduct
Parking/parking_49.jpg,Parking
Airport/airport_31.jpg,Airport
Farmland/Farmland-36.jpg,Farmland
Desert/Desert_30.jpg,Desert
River/river_40.jpg,River
railwayStation/railwayStation_21.jpg,railwayStation
Mountain/Mountain_20.jpg,Mountain
Port/port_26.jpg,Port
River/river_15.jpg,River
Park/Park_10.jpg,Park
Port/port_41.jpg,Port
River/river_03.jpg,River
Meadow/meadow_17.jpg,Meadow
Industrial/industrial_13.jpg,Industrial
Airport/airport_18.jpg,Airport
Pond/pond_46.jpg,Pond
Desert/Desert_37.jpg,Desert
Residential/residential_37.jpg,Residential
River/river_05.jpg,River
Desert/Desert_47.jpg,Desert
Bridge/bridge_19.jpg,Bridge
Beach/beach-08.jpg,Beach
Commercial/commercial_49.jpg,Commercial
Viaduct/viaduct_22.jpg,Viaduct
Farmland/Farmland-05.jpg,Farmland
Farmland/Farmland-29.jpg,Farmland
Parking/parking_23.jpg,Parking
Viaduct/viaduct_50.jpg,Viaduct
footballField/footballField_07.jpg,footballField
Farmland/Farmland-21.jpg,Farmland
Commercial/commercial_45.jpg,Commercial
Meadow/meadow_26.jpg,Meadow
Mountain/Mountain_33.jpg,Mountain
Residential/residential_05.jpg,Residential
Airport/airport_43.jpg,Airport
Meadow/meadow_29.jpg,Meadow
Forest/forest_53.jpg,Forest
Desert/Desert_34.jpg,Desert
Bridge/bridge_43.jpg,Bridge
Park/Park_24.jpg,Park
Mountain/Mountain_17.jpg,Mountain
Industrial/industrial_11.jpg,Industrial
Bridge/bridge_09.jpg,Bridge
Port/port_40.jpg,Port
Airport/airport_46.jpg,Airport
Airport/airport_08.jpg,Airport
Forest/forest_34.jpg,Forest
Airport/airport_48.jpg,Airport
River/river_20.jpg,River
Farmland/Farmland-07.jpg,Farmland
Park/Park_46.jpg,Park
footballField/footballField_05.jpg,footballField
Bridge/bridge_33.jpg,Bridge
railwayStation/railwayStation_02.jpg,railwayStation
Parking/parking_01.jpg,Parking
River/river_14.jpg,River
footballField/footballField_06.jpg,footballField
Industrial/industrial_14.jpg,Industrial
Park/Park_27.jpg,Park
Industrial/industrial_26.jpg,Industrial
Forest/forest_31.jpg,Forest
Airport/airport_15.jpg,Airport
footballField/footballField_01.jpg,footballField
Beach/beach-25.jpg,Beach
Viaduct/viaduct_39.jpg,Viaduct
Bridge/bridge_51.jpg,Bridge
Meadow/meadow_05.jpg,Meadow
Industrial/industrial_17.jpg,Industrial
River/river_45.jpg,River
Residential/residential_07.jpg,Residential
River/river_47.jpg,River
Viaduct/viaduct_43.jpg,Viaduct
Farmland/Farmland-19.jpg,Farmland
Park/Park_07.jpg,Park
Commercial/commercial_32.jpg,Commercial
Parking/parking_16.jpg,Parking
Bridge/bridge_47.jpg,Bridge
Beach/beach-44.jpg,Beach
Commercial/commercial_51.jpg,Commercial
Mountain/Mountain_27.jpg,Mountain
Mountain/Mountain_25.jpg,Mountain
Mountain/Mountain_39.jpg,Mountain
Residential/residential_29.jpg,Residential
Meadow/meadow_44.jpg,Meadow
Commercial/commercial_53.jpg,Commercial
footballField/footballField_42.jpg,footballField
Beach/beach-37.jpg,Beach
Pond/pond_17.jpg,Pond
Port/port_38.jpg,Port
Meadow/meadow_11.jpg,Meadow
Farmland/Farmland-46.jpg,Farmland
Airport/airport_40.jpg,Airport
Park/Park_32.jpg,Park
Park/Park_40.jpg,Park
Forest/forest_38.jpg,Forest
Mountain/Mountain_12.jpg,Mountain
Forest/forest_21.jpg,Forest
Residential/residential_17.jpg,Residential
River/river_23.jpg,River
Industrial/industrial_46.jpg,Industrial
Parking/parking_07.jpg,Parking
River/river_26.jpg,River
Parking/parking_43.jpg,Parking
footballField/footballField_13.jpg,footballField
footballField/footballField_08.jpg,footballField
Port/port_13.jpg,Port
Desert/Desert_08.jpg,Desert
railwayStation/railwayStation_19.jpg,railwayStation
Parking/parking_04.jpg,Parking
Park/Park_35.jpg,Park
Desert/Desert_03.jpg,Desert
Pond/pond_27.jpg,Pond
Desert/Desert_22.jpg,Desert
Forest/forest_12.jpg,Forest
Commercial/commercial_40.jpg,Commercial
Forest/forest_08.jpg,Forest
Industrial/industrial_28.jpg,Industrial
Residential/residential_52.jpg,Residential
Farmland/Farmland-27.jpg,Farmland
Commercial/commercial_03.jpg,Commercial
Bridge/bridge_39.jpg,Bridge
footballField/footballField_16.jpg,footballField
Forest/forest_25.jpg,Forest
Airport/airport_37.jpg,Airport
Port/port_52.jpg,Port
Parking/parking_29.jpg,Parking
railwayStation/railwayStation_11.jpg,railwayStation
Pond/pond_05.jpg,Pond
Forest/forest_14.jpg,Forest
Beach/beach-23.jpg,Beach
Forest/forest_44.jpg,Forest
Meadow/meadow_25.jpg,Meadow
railwayStation/railwayStation_05.jpg,railwayStation
railwayStation/railwayStation_43.jpg,railwayStation
Viaduct/viaduct_46.jpg,Viaduct
Viaduct/viaduct_47.jpg,Viaduct
Forest/forest_42.jpg,Forest
Commercial/commercial_33.jpg,Commercial
Viaduct/viaduct_37.jpg,Viaduct
Airport/airport_25.jpg,Airport
Forest/forest_37.jpg,Forest
Airport/airport_17.jpg,Airport
Parking/parking_28.jpg,Parking
Meadow/meadow_22.jpg,Meadow
Bridge/bridge_20.jpg,Bridge
Parking/parking_35.jpg,Parking
Desert/Desert_11.jpg,Desert
Parking/parking_14.jpg,Parking
Port/port_05.jpg,Port
footballField/footballField_49.jpg,footballField
Industrial/industrial_50.jpg,Industrial
Airport/airport_52.jpg,Airport
Mountain/Mountain_50.jpg,Mountain
Mountain/Mountain_31.jpg,Mountain
Viaduct/viaduct_24.jpg,Viaduct
railwayStation/railwayStation_50.jpg,railwayStation
River/river_24.jpg,River
Beach/beach-41.jpg,Beach
railwayStation/railwayStation_04.jpg,railwayStation
Residential/residential_51.jpg,Residential
Pond/pond_49.jpg,Pond
Industrial/industrial_49.jpg,Industrial
footballField/footballField_35.jpg,footballField
Airport/airport_44.jpg,Airport
Pond/pond_44.jpg,Pond
Bridge/bridge_03.jpg,Bridge
Beach/beach-46.jpg,Beach
Desert/Desert_20.jpg,Desert
footballField/footballField_19.jpg,footballField
Beach/beach-35.jpg,Beach
Farmland/Farmland-34.jpg,Farmland
Desert/Desert_49.jpg,Desert
Industrial/industrial_25.jpg,Industrial
Bridge/bridge_02.jpg,Bridge
Farmland/Farmland-37.jpg,Farmland
Mountain/Mountain_07.jpg,Mountain
Farmland/Farmland-42.jpg,Farmland
Pond/pond_23.jpg,Pond
