forest/forest(58).jpg,forest
overpass/overpass(54).jpg,overpass
harbor/harbor(13).jpg,harbor
roundabout/roundabout(54).jpg,roundabout
ground_track_field/ground_track_field(16).jpg,ground_track_field
freeway/freeway(21).jpg,freeway
golf_course/golf_course(31).jpg,golf_course
beach/beach(58).jpg,beach
island/island(48).jpg,island
mobile_home_park/mobile_home_park(5).jpg,mobile_home_park
harbor/harbor(33).jpg,harbor
chaparral/chaparral(31).jpg,chaparral
church/church(38).jpg,church
rectangular_farmland/rectangular_farmland(34).jpg,rectangular_farmland
bridge/bridge(40).jpg,bridge
ground_track_field/ground_track_field(4).jpg,ground_track_field
freeway/freeway(43).jpg,freeway
forest/forest(45).jpg,forest
parking_lot/parking_lot(37).jpg,parking_lot
parking_lot/parking_lot(20).jpg,parking_lot
freeway/freeway(28).jpg,freeway
golf_course/golf_course(38).jpg,golf_course
parking_lot/parking_lot(10).jpg,parking_lot
parking_lot/parking_lot(13).jpg,parking_lot
bridge/bridge(16).jpg,bridge
golf_course/golf_course(57).jpg,golf_course
meadow/meadow(3).jpg,meadow
freeway/freeway(12).jpg,freeway
beach/beach(44).jpg,beach
mountain/mountain(55).jpg,mountain
airport/airport(33).jpg,airport
industrial_area/industrial_area(20).jpg,industrial_area
circular_farmland/circular_farmland(30).jpg,circular_farmland
baseball_diamond/baseball_diamond(28).jpg,baseball_diamond
airplane/airplane(15).jpg,airplane
dense_residential/dense_residential(4).jpg,dense_residential
roundabout/roundabout(42).jpg,roundabout
runway/runway(50).jpg,runway
runway/runway(29).jpg,runway
chaparral/chaparral(32).jpg,chaparral
railway/railway(2).jpg,railway
chaparral/chaparral(3).jpg,chaparral
airport/airport(45).jpg,airport
circular_farmland/circular_farmland(24).jpg,circular_farmland
medium_residential/medium_residential(18).jpg,medium_residential
mountain/mountain(11).jpg,mountain
island/island(39).jpg,island
church/church(49).jpg,church
intersection/intersection(48).jpg,intersection
medium_residential/medium_residential(51).jpg,medium_residential
parking_lot/parking_lot(31).jpg,parking_lot
circular_farmland/circular_farmland(58).jpg,circular_farmland
commercial_area/commercial_area(16).jpg,commercial_area
basketball_court/basketball_court(33).jpg,basketball_court
commercial_area/commercial_area(48).jpg,commercial_area
railway/railway(41).jpg,railway
airport/airport(8).jpg,airport
church/church(42).jpg,church
lake/lake(2).jpg,lake
roundabout/roundabout(46).jpg,roundabout
church/church(21).jpg,church
mountain/mountain(23).jpg,mountain
runway/runway(40).jpg,runway
railway/railway(25).jpg,railway
medium_residential/medium_residential(58).jpg,medium_residential
mobile_home_park/mobile_home_park(42).jpg,mobile_home_park
basketball_court/basketball_court(46).jpg,basketball_court
island/island(58).jpg,island
mobile_home_park/mobile_home_park(27).jpg,mobile_home_park
airplane/airplane(55).jpg,airplane
lake/lake(53).jpg,lake
forest/forest(22).jpg,forest
intersection/intersection(26).jpg,intersection
bridge/bridge(26).jpg,bridge
mountain/mountain(45).jpg,mountain
circular_farmland/circular_farmland(46).jpg,circular_farmland
forest/forest(1).jpg,forest
circular_farmland/circular_farmland(57).jpg,circular_farmland
beach/beach(38).jpg,beach
runway/runway(36).jpg,runway
church/church(34).jpg,church
mountain/mountain(15).jpg,mountain
meadow/meadow(7).jpg,meadow
desert/desert(25).jpg,desert
airplane/airplane(35).jpg,airplane
airplane/airplane(52).jpg,airplane
forest/forest(44).jpg,forest
baseball_diamond/baseball_diamond(24).jpg,baseball_diamond
mountain/mountain(32).jpg,mountain
mobile_home_park/mobile_home_park(59).jpg,mobile_home_park
parking_lot/parking_lot(25).jpg,parking_lot
commercial_area/commercial_area(17).jpg,commercial_area
dense_residential/dense_residential(5).jpg,dense_residential
parking_lot/parking_lot(53).jpg,parking_lot
dense_residential/dense_residential(23).jpg,dense_residential
church/church(10).jpg,church
medium_residential/medium_residential(24).jpg,medium_residential
airplane/airplane(5).jpg,airplane
medium_residential/medium_residential(25).jpg,medium_residential
beach/beach(5).jpg,beach
freeway/freeway(11).jpg,freeway
bridge/bridge(9).jpg,bridge
bridge/bridge(13).jpg,bridge
beach/beach(42).jpg,beach
parking_lot/parking_lot(36).jpg,parking_lot
lake/lake(50).jpg,lake
rectangular_farmland/rectangular_farmland(43).jpg,rectangular_farmland
baseball_diamond/baseball_diamond(7).jpg,baseball_diamond
mountain/mountain(22).jpg,mountain
mobile_home_park/mobile_home_park(35).jpg,mobile_home_park
chaparral/chaparral(36).jpg,chaparral
baseball_diamond/baseball_diamond(41).jpg,baseball_diamond
basketball_court/basketball_court(45).jpg,basketball_court
ground_track_field/ground_track_field(53).jpg,ground_track_field
chaparral/chaparral(11).jpg,chaparral
forest/forest(51).jpg,forest
church/church(44).jpg,church
ground_track_field/ground_track_field(13).jpg,ground_track_field
island/island(18).jpg,island
dense_residential/dense_residential(47).jpg,dense_residential
bridge/bridge(18).jpg,bridge
roundabout/roundabout(57).jpg,roundabout
bridge/bridge(2).jpg,bridge
overpass/overpass(47).jpg,overpass
lake/lake(31).jpg,lake
medium_residential/medium_residential(59).jpg,medium_residential
roundabout/roundabout(4).jpg,roundabout
desert/desert(51).jpg,desert
beach/beach(11).jpg,beach
medium_residential/medium_residential(44).jpg,medium_residential
ground_track_field/ground_track_field(22).jpg,ground_track_field
commercial_area/commercial_area(2).jpg,commercial_area
parking_lot/parking_lot(42).jpg,parking_lot
mobile_home_park/mobile_home_park(52).jpg,mobile_home_park
circular_farmland/circular_farmland(29).jpg,circular_farmland
church/church(59).jpg,church
church/church(53).jpg,church
mobile_home_park/mobile_home_park(14).jpg,mobile_home_park
dense_residential/dense_residential(42).jpg,dense_residential
bridge/bridge(6).jpg,bridge
beach/beach(24).jpg,beach
ground_track_field/ground_track_field(49).jpg,ground_track_field
dense_residential/dense_residential(50).jpg,dense_residential
desert/desert(1).jpg,desert
baseball_diamond/baseball_diamond(10).jpg,baseball_diamond
intersection/intersection(33).jpg,intersection
mobile_home_park/mobile_home_park(51).jpg,mobile_home_park
rectangular_farmland/rectangular_farmland(56).jpg,rectangular_farmland
chaparral/chaparral(45).jpg,chaparral
beach/beach(28).jpg,beach
golf_course/golf_course(15).jpg,golf_course
dense_residential/dense_residential(43).jpg,dense_residential
airport/airport(7).jpg,airport
harbor/harbor(53).jpg,harbor
circular_farmland/circular_farmland(53).jpg,circular_farmland
roundabout/roundabout(49).jpg,roundabout
meadow/meadow(1).jpg,meadow
industrial_area/industrial_area(37).jpg,industrial_area
dense_residential/dense_residential(59).jpg,dense_residential
chaparral/chaparral(17).jpg,chaparral
circular_farmland/circular_farmland(18).jpg,circular_farmland
mountain/mountain(43).jpg,mountain
rectangular_farmland/rectangular_farmland(16).jpg,rectangular_farmland
rectangular_farmland/rectangular_farmland(44).jpg,rectangular_farmland
railway/railway(58).jpg,railway
meadow/meadow(50).jpg,meadow
beach/beach(1).jpg,beach
industrial_area/industrial_area(42).jpg,industrial_area
baseball_diamond/baseball_diamond(6).jpg,baseball_diamond
intersection/intersection(31).jpg,intersection
island/island(26).jpg,island
meadow/meadow(49).jpg,meadow
meadow/meadow(5).jpg,meadow
island/island(33).jpg,island
overpass/overpass(8).jpg,overpass
airport/airport(30).jpg,airport
rectangular_farmland/rectangular_farmland(30).jpg,rectangular_farmland
roundabout/roundabout(15).jpg,roundabout
roundabout/roundabout(39).jpg,roundabout
baseball_diamond/baseball_diamond(29).jpg,baseball_diamond
parking_lot/parking_lot(18).jpg,parking_lot
golf_course/golf_course(6).jpg,golf_course
meadow/meadow(18).jpg,meadow
airplane/airplane(48).jpg,airplane
airport/airport(18).jpg,airport
overpass/overpass(48).jpg,overpass
baseball_diamond/baseball_diamond(39).jpg,baseball_diamond
mountain/mountain(53).jpg,mountain
railway/railway(4).jpg,railway
airport/airport(36).jpg,airport
roundabout/roundabout(19).jpg,roundabout
bridge/bridge(44).jpg,bridge
bridge/bridge(39).jpg,bridge
airport/airport(56).jpg,airport
rectangular_farmland/rectangular_farmland(49).jpg,rectangular_farmland
lake/lake(59).jpg,lake
overpass/overpass(43).jpg,overpass
desert/desert(12).jpg,desert
church/church(5).jpg,church
parking_lot/parking_lot(55).jpg,parking_lot
rectangular_farmland/rectangular_farmland(59).jpg,rectangular_farmland
island/island(4).jpg,island
overpass/overpass(45).jpg,overpass
railway/railway(28).jpg,railway
ground_track_field/ground_track_field(38).jpg,ground_track_field
overpass/overpass(44).jpg,overpass
intersection/intersection(2).jpg,intersection
chaparral/chaparral(60).jpg,chaparral
airport/airport(48).jpg,airport
overpass/overpass(20).jpg,overpass
dense_residential/dense_residential(33).jpg,dense_residential
ground_track_field/ground_track_field(11).jpg,ground_track_field
airport/airport(13).jpg,airport
overpass/overpass(28).jpg,overpass
church/church(7).jpg,church
baseball_diamond/baseball_diamond(18).jpg,baseball_diamond
lake/lake(51).jpg,lake
industrial_area/industrial_area(36).jpg,industrial_area
ground_track_field/ground_track_field(32).jpg,ground_track_field
mobile_home_park/mobile_home_park(48).jpg,mobile_home_park
beach/beach(47).jpg,beach
rectangular_farmland/rectangular_farmland(2).jpg,rectangular_farmland
ground_track_field/ground_track_field(46).jpg,ground_track_field
airport/airport(52).jpg,airport
harbor/harbor(38).jpg,harbor
chaparral/chaparral(57).jpg,chaparral
mobile_home_park/mobile_home_park(50).jpg,mobile_home_park
mobile_home_park/mobile_home_park(57).jpg,mobile_home_park
mobile_home_park/mobile_home_park(41).jpg,mobile_home_park
intersection/intersection(34).jpg,intersection
overpass/overpass(22).jpg,overpass
roundabout/roundabout(9).jpg,roundabout
circular_farmland/circular_farmland(37).jpg,circular_farmland
harbor/harbor(6).jpg,harbor
beach/beach(40).jpg,beach
mobile_home_park/mobile_home_park(30).jpg,mobile_home_park
golf_course/golf_course(40).jpg,golf_course
lake/lake(10).jpg,lake
runway/runway(35).jpg,runway
golf_course/golf_course(13).jpg,golf_course
freeway/freeway(58).jpg,freeway
harbor/harbor(54).jpg,harbor
meadow/meadow(37).jpg,meadow
railway/railway(7).jpg,railway
lake/lake(52).jpg,lake
basketball_court/basketball_court(54).jpg,basketball_court
railway/railway(6).jpg,railway
overpass/overpass(60).jpg,overpass
mobile_home_park/mobile_home_park(3).jpg,mobile_home_park
airplane/airplane(46).jpg,airplane
railway/railway(3).jpg,railway
basketball_court/basketball_court(28).jpg,basketball_court
airplane/airplane(38).jpg,airplane
harbor/harbor(60).jpg,harbor
forest/forest(38).jpg,forest
island/island(53).jpg,island
overpass/overpass(2).jpg,overpass
roundabout/roundabout(29).jpg,roundabout
medium_residential/medium_residential(37).jpg,medium_residential
ground_track_field/ground_track_field(41).jpg,ground_track_field
ground_track_field/ground_track_field(1).jpg,ground_track_field
freeway/freeway(26).jpg,freeway
beach/beach(34).jpg,beach
mountain/mountain(49).jpg,mountain
freeway/freeway(10).jpg,freeway
harbor/harbor(37).jpg,harbor
meadow/meadow(40).jpg,meadow
commercial_area/commercial_area(49).jpg,commercial_area
chaparral/chaparral(55).jpg,chaparral
beach/beach(3).jpg,beach
freeway/freeway(42).jpg,freeway
freeway/freeway(52).jpg,freeway
railway/railway(13).jpg,railway
roundabout/roundabout(24).jpg,roundabout
freeway/freeway(54).jpg,freeway
roundabout/roundabout(10).jpg,roundabout
industrial_area/industrial_area(11).jpg,industrial_area
golf_course/golf_course(48).jpg,golf_course
meadow/meadow(25).jpg,meadow
ground_track_field/ground_track_field(52).jpg,ground_track_field
medium_residential/medium_residential(33).jpg,medium_residential
meadow/meadow(53).jpg,meadow
ground_track_field/ground_track_field(31).jpg,ground_track_field
medium_residential/medium_residential(32).jpg,medium_residential
chaparral/chaparral(40).jpg,chaparral
basketball_court/basketball_court(13).jpg,basketball_court
overpass/overpass(1).jpg,overpass
mountain/mountain(39).jpg,mountain
baseball_diamond/baseball_diamond(46).jpg,baseball_diamond
church/church(15).jpg,church
railway/railway(24).jpg,railway
overpass/overpass(26).jpg,overpass
runway/runway(51).jpg,runway
medium_residential/medium_residential(45).jpg,medium_residential
intersection/intersection(51).jpg,intersection
dense_residential/dense_residential(30).jpg,dense_residential
baseball_diamond/baseball_diamond(51).jpg,baseball_diamond
mobile_home_park/mobile_home_park(60).jpg,mobile_home_park
meadow/meadow(21).jpg,meadow
airplane/airplane(19).jpg,airplane
roundabout/roundabout(11).jpg,roundabout
forest/forest(29).jpg,forest
beach/beach(10).jpg,beach
chaparral/chaparral(7).jpg,chaparral
runway/runway(41).jpg,runway
island/island(17).jpg,island
medium_residential/medium_residential(12).jpg,medium_residential
forest/forest(25).jpg,forest
railway/railway(48).jpg,railway
intersection/intersection(10).jpg,intersection
lake/lake(8).jpg,lake
rectangular_farmland/rectangular_farmland(23).jpg,rectangular_farmland
golf_course/golf_course(20).jpg,golf_course
bridge/bridge(10).jpg,bridge
circular_farmland/circular_farmland(15).jpg,circular_farmland
mountain/mountain(40).jpg,mountain
island/island(49).jpg,island
runway/runway(26).jpg,runway
lake/lake(28).jpg,lake
harbor/harbor(17).jpg,harbor
island/island(59).jpg,island
beach/beach(36).jpg,beach
mountain/mountain(5).jpg,mountain
dense_residential/dense_residential(15).jpg,dense_residential
golf_course/golf_course(36).jpg,golf_course
harbor/harbor(15).jpg,harbor
baseball_diamond/baseball_diamond(36).jpg,baseball_diamond
rectangular_farmland/rectangular_farmland(18).jpg,rectangular_farmland
airplane/airplane(40).jpg,airplane
forest/forest(50).jpg,forest
mobile_home_park/mobile_home_park(24).jpg,mobile_home_park
airplane/airplane(45).jpg,airplane
island/island(34).jpg,island
baseball_diamond/baseball_diamond(20).jpg,baseball_diamond
industrial_area/industrial_area(38).jpg,industrial_area
roundabout/roundabout(60).jpg,roundabout
meadow/meadow(57).jpg,meadow
baseball_diamond/baseball_diamond(9).jpg,baseball_diamond
airplane/airplane(33).jpg,airplane
lake/lake(47).jpg,lake
mobile_home_park/mobile_home_park(12).jpg,mobile_home_park
desert/desert(60).jpg,desert
golf_course/golf_course(23).jpg,golf_course
bridge/bridge(22).jpg,bridge
industrial_area/industrial_area(29).jpg,industrial_area
runway/runway(34).jpg,runway
lake/lake(18).jpg,lake
commercial_area/commercial_area(33).jpg,commercial_area
harbor/harbor(48).jpg,harbor
church/church(50).jpg,church
dense_residential/dense_residential(18).jpg,dense_residential
roundabout/roundabout(21).jpg,roundabout
intersection/intersection(6).jpg,intersection
harbor/harbor(44).jpg,harbor
island/island(16).jpg,island
forest/forest(26).jpg,forest
parking_lot/parking_lot(8).jpg,parking_lot
bridge/bridge(29).jpg,bridge
bridge/bridge(15).jpg,bridge
meadow/meadow(38).jpg,meadow
church/church(4).jpg,church
industrial_area/industrial_area(54).jpg,industrial_area
chaparral/chaparral(47).jpg,chaparral
roundabout/roundabout(12).jpg,roundabout
medium_residential/medium_residential(40).jpg,medium_residential
airplane/airplane(23).jpg,airplane
forest/forest(46).jpg,forest
industrial_area/industrial_area(7).jpg,industrial_area
overpass/overpass(12).jpg,overpass
ground_track_field/ground_track_field(12).jpg,ground_track_field
dense_residential/dense_residential(51).jpg,dense_residential
mobile_home_park/mobile_home_park(58).jpg,mobile_home_park
intersection/intersection(54).jpg,intersection
commercial_area/commercial_area(34).jpg,commercial_area
beach/beach(22).jpg,beach
roundabout/roundabout(48).jpg,roundabout
island/island(24).jpg,island
bridge/bridge(30).jpg,bridge
circular_farmland/circular_farmland(55).jpg,circular_farmland
rectangular_farmland/rectangular_farmland(7).jpg,rectangular_farmland
circular_farmland/circular_farmland(13).jpg,circular_farmland
bridge/bridge(7).jpg,bridge
dense_residential/dense_residential(58).jpg,dense_residential
industrial_area/industrial_area(35).jpg,industrial_area
rectangular_farmland/rectangular_farmland(6).jpg,rectangular_farmland
runway/runway(11).jpg,runway
mountain/mountain(19).jpg,mountain
runway/runway(42).jpg,runway
church/church(60).jpg,church
lake/lake(7).jpg,lake
mobile_home_park/mobile_home_park(18).jpg,mobile_home_park
airplane/airplane(50).jpg,airplane
medium_residential/medium_residential(2).jpg,medium_residential
commercial_area/commercial_area(41).jpg,commercial_area
harbor/harbor(3).jpg,harbor
roundabout/roundabout(44).jpg,roundabout
mountain/mountain(57).jpg,mountain
desert/desert(13).jpg,desert
industrial_area/industrial_area(22).jpg,industrial_area
lake/lake(41).jpg,lake
basketball_court/basketball_court(20).jpg,basketball_court
overpass/overpass(41).jpg,overpass
island/island(27).jpg,island
airplane/airplane(8).jpg,airplane
beach/beach(8).jpg,beach
ground_track_field/ground_track_field(18).jpg,ground_track_field
medium_residential/medium_residential(15).jpg,medium_residential
overpass/overpass(38).jpg,overpass
baseball_diamond/baseball_diamond(44).jpg,baseball_diamond
chaparral/chaparral(12).jpg,chaparral
circular_farmland/circular_farmland(32).jpg,circular_farmland
airport/airport(5).jpg,airport
bridge/bridge(52).jpg,bridge
dense_residential/dense_residential(8).jpg,dense_residential
railway/railway(49).jpg,railway
circular_farmland/circular_farmland(12).jpg,circular_farmland
lake/lake(25).jpg,lake
desert/desert(19).jpg,desert
overpass/overpass(9).jpg,overpass
chaparral/chaparral(6).jpg,chaparral
intersection/intersection(27).jpg,intersection
desert/desert(48).jpg,desert
golf_course/golf_course(30).jpg,golf_course
mobile_home_park/mobile_home_park(43).jpg,mobile_home_park
parking_lot/parking_lot(12).jpg,parking_lot
baseball_diamond/baseball_diamond(11).jpg,baseball_diamond
lake/lake(14).jpg,lake
industrial_area/industrial_area(51).jpg,industrial_area
runway/runway(49).jpg,runway
golf_course/golf_course(9).jpg,golf_course
railway/railway(18).jpg,railway
golf_course/golf_course(34).jpg,golf_course
rectangular_farmland/rectangular_farmland(45).jpg,rectangular_farmland
baseball_diamond/baseball_diamond(5).jpg,baseball_diamond
intersection/intersection(58).jpg,intersection
industrial_area/industrial_area(13).jpg,industrial_area
church/church(56).jpg,church
runway/runway(23).jpg,runway
airplane/airplane(6).jpg,airplane
runway/runway(18).jpg,runway
chaparral/chaparral(59).jpg,chaparral
mountain/mountain(21).jpg,mountain
forest/forest(27).jpg,forest
golf_course/golf_course(19).jpg,golf_course
harbor/harbor(2).jpg,harbor
lake/lake(37).jpg,lake
meadow/meadow(14).jpg,meadow
ground_track_field/ground_track_field(48).jpg,ground_track_field
basketball_court/basketball_court(14).jpg,basketball_court
industrial_area/industrial_area(4).jpg,industrial_area
commercial_area/commercial_area(18).jpg,commercial_area
chaparral/chaparral(33).jpg,chaparral
airplane/airplane(30).jpg,airplane
desert/desert(53).jpg,desert
airplane/airplane(21).jpg,airplane
dense_residential/dense_residential(17).jpg,dense_residential
airport/airport(24).jpg,airport
mobile_home_park/mobile_home_park(9).jpg,mobile_home_park
basketball_court/basketball_court(12).jpg,basketball_court
intersection/intersection(16).jpg,intersection
roundabout/roundabout(59).jpg,roundabout
mountain/mountain(44).jpg,mountain
commercial_area/commercial_area(11).jpg,commercial_area
intersection/intersection(24).jpg,intersection
runway/runway(1).jpg,runway
baseball_diamond/baseball_diamond(59).jpg,baseball_diamond
chaparral/chaparral(43).jpg,chaparral
airport/airport(20).jpg,airport
roundabout/roundabout(13).jpg,roundabout
overpass/overpass(7).jpg,overpass
mobile_home_park/mobile_home_park(29).jpg,mobile_home_park
airplane/airplane(44).jpg,airplane
parking_lot/parking_lot(4).jpg,parking_lot
airplane/airplane(22).jpg,airplane
overpass/overpass(24).jpg,overpass
golf_course/golf_course(43).jpg,golf_course
industrial_area/industrial_area(8).jpg,industrial_area
church/church(18).jpg,church
runway/runway(48).jpg,runway
lake/lake(16).jpg,lake
circular_farmland/circular_farmland(6).jpg,circular_farmland
basketball_court/basketball_court(9).jpg,basketball_court
freeway/freeway(45).jpg,freeway
desert/desert(5).jpg,desert
golf_course/golf_course(53).jpg,golf_course
basketball_court/basketball_court(57).jpg,basketball_court
airplane/airplane(32).jpg,airplane
airport/airport(23).jpg,airport
island/island(50).jpg,island
mobile_home_park/mobile_home_park(53).jpg,mobile_home_park
freeway/freeway(46).jpg,freeway
mobile_home_park/mobile_home_park(22).jpg,mobile_home_park
desert/desert(59).jpg,desert
basketball_court/basketball_court(29).jpg,basketball_court
freeway/freeway(8).jpg,freeway
mountain/mountain(17).jpg,mountain
circular_farmland/circular_farmland(3).jpg,circular_farmland
baseball_diamond/baseball_diamond(25).jpg,baseball_diamond
industrial_area/industrial_area(52).jpg,industrial_area
desert/desert(34).jpg,desert
intersection/intersection(30).jpg,intersection
mobile_home_park/mobile_home_park(8).jpg,mobile_home_park
runway/runway(55).jpg,runway
rectangular_farmland/rectangular_farmland(47).jpg,rectangular_farmland
runway/runway(37).jpg,runway
industrial_area/industrial_area(25).jpg,industrial_area
overpass/overpass(14).jpg,overpass
parking_lot/parking_lot(49).jpg,parking_lot
meadow/meadow(41).jpg,meadow
golf_course/golf_course(49).jpg,golf_course
rectangular_farmland/rectangular_farmland(15).jpg,rectangular_farmland
bridge/bridge(19).jpg,bridge
roundabout/roundabout(50).jpg,roundabout
commercial_area/commercial_area(55).jpg,commercial_area
commercial_area/commercial_area(29).jpg,commercial_area
lake/lake(33).jpg,lake
meadow/meadow(20).jpg,meadow
freeway/freeway(37).jpg,freeway
bridge/bridge(20).jpg,bridge
parking_lot/parking_lot(46).jpg,parking_lot
chaparral/chaparral(8).jpg,chaparral
airport/airport(34).jpg,airport
meadow/meadow(47).jpg,meadow
forest/forest(35).jpg,forest
lake/lake(55).jpg,lake
rectangular_farmland/rectangular_farmland(3).jpg,rectangular_farmland
basketball_court/basketball_court(23).jpg,basketball_court
dense_residential/dense_residential(7).jpg,dense_residential
beach/beach(48).jpg,beach
desert/desert(49).jpg,desert
church/church(9).jpg,church
harbor/harbor(35).jpg,harbor
chaparral/chaparral(28).jpg,chaparral
airport/airport(43).jpg,airport
parking_lot/parking_lot(16).jpg,parking_lot
airplane/airplane(59).jpg,airplane
circular_farmland/circular_farmland(14).jpg,circular_farmland
lake/lake(39).jpg,lake
runway/runway(3).jpg,runway
dense_residential/dense_residential(49).jpg,dense_residential
roundabout/roundabout(6).jpg,roundabout
parking_lot/parking_lot(2).jpg,parking_lot
circular_farmland/circular_farmland(7).jpg,circular_farmland
freeway/freeway(16).jpg,freeway
dense_residential/dense_residential(52).jpg,dense_residential
bridge/bridge(42).jpg,bridge
rectangular_farmland/rectangular_farmland(39).jpg,rectangular_farmland
mountain/mountain(46).jpg,mountain
roundabout/roundabout(30).jpg,roundabout
overpass/overpass(57).jpg,overpass
ground_track_field/ground_track_field(24).jpg,ground_track_field
golf_course/golf_course(44).jpg,golf_course
commercial_area/commercial_area(52).jpg,commercial_area
island/island(56).jpg,island
basketball_court/basketball_court(16).jpg,basketball_court
overpass/overpass(56).jpg,overpass
lake/lake(49).jpg,lake
bridge/bridge(12).jpg,bridge
industrial_area/industrial_area(18).jpg,industrial_area
rectangular_farmland/rectangular_farmland(48).jpg,rectangular_farmland
harbor/harbor(45).jpg,harbor
golf_course/golf_course(45).jpg,golf_course
airport/airport(42).jpg,airport
mountain/mountain(35).jpg,mountain
baseball_diamond/baseball_diamond(34).jpg,baseball_diamond
circular_farmland/circular_farmland(34).jpg,circular_farmland
island/island(44).jpg,island
golf_course/golf_course(25).jpg,golf_course
lake/lake(48).jpg,lake
industrial_area/industrial_area(16).jpg,industrial_area
roundabout/roundabout(34).jpg,roundabout
airplane/airplane(7).jpg,airplane
golf_course/golf_course(50).jpg,golf_course
mountain/mountain(25).jpg,mountain
freeway/freeway(41).jpg,freeway
commercial_area/commercial_area(6).jpg,commercial_area
lake/lake(4).jpg,lake
baseball_diamond/baseball_diamond(13).jpg,baseball_diamond
runway/runway(22).jpg,runway
roundabout/roundabout(37).jpg,roundabout
freeway/freeway(17).jpg,freeway
runway/runway(31).jpg,runway
parking_lot/parking_lot(28).jpg,parking_lot
parking_lot/parking_lot(60).jpg,parking_lot
runway/runway(16).jpg,runway
church/church(51).jpg,church
commercial_area/commercial_area(14).jpg,commercial_area
mountain/mountain(28).jpg,mountain
roundabout/roundabout(40).jpg,roundabout
mobile_home_park/mobile_home_park(25).jpg,mobile_home_park
meadow/meadow(35).jpg,meadow
desert/desert(28).jpg,desert
parking_lot/parking_lot(44).jpg,parking_lot
desert/desert(30).jpg,desert
parking_lot/parking_lot(38).jpg,parking_lot
mobile_home_park/mobile_home_park(31).jpg,mobile_home_park
runway/runway(8).jpg,runway
freeway/freeway(24).jpg,freeway
dense_residential/dense_residential(37).jpg,dense_residential
golf_course/golf_course(8).jpg,golf_course
industrial_area/industrial_area(46).jpg,industrial_area
desert/desert(29).jpg,desert
airplane/airplane(16).jpg,airplane
railway/railway(40).jpg,railway
bridge/bridge(51).jpg,bridge
forest/forest(30).jpg,forest
desert/desert(33).jpg,desert
freeway/freeway(23).jpg,freeway
island/island(8).jpg,island
parking_lot/parking_lot(32).jpg,parking_lot
island/island(37).jpg,island
runway/runway(46).jpg,runway
beach/beach(60).jpg,beach
forest/forest(52).jpg,forest
railway/railway(60).jpg,railway
overpass/overpass(5).jpg,overpass
ground_track_field/ground_track_field(50).jpg,ground_track_field
medium_residential/medium_residential(9).jpg,medium_residential
medium_residential/medium_residential(41).jpg,medium_residential
meadow/meadow(9).jpg,meadow
forest/forest(43).jpg,forest
circular_farmland/circular_farmland(11).jpg,circular_farmland
basketball_court/basketball_court(44).jpg,basketball_court
beach/beach(4).jpg,beach
medium_residential/medium_residential(14).jpg,medium_residential
basketball_court/basketball_court(47).jpg,basketball_court
industrial_area/industrial_area(45).jpg,industrial_area
basketball_court/basketball_court(11).jpg,basketball_court
mountain/mountain(18).jpg,mountain
meadow/meadow(17).jpg,meadow
roundabout/roundabout(47).jpg,roundabout
ground_track_field/ground_track_field(45).jpg,ground_track_field
ground_track_field/ground_track_field(35).jpg,ground_track_field
chaparral/chaparral(5).jpg,chaparral
chaparral/chaparral(46).jpg,chaparral
circular_farmland/circular_farmland(1).jpg,circular_farmland
harbor/harbor(30).jpg,harbor
airplane/airplane(4).jpg,airplane
parking_lot/parking_lot(40).jpg,parking_lot
overpass/overpass(40).jpg,overpass
airplane/airplane(56).jpg,airplane
baseball_diamond/baseball_diamond(49).jpg,baseball_diamond
desert/desert(9).jpg,desert
beach/beach(12).jpg,beach
commercial_area/commercial_area(28).jpg,commercial_area
freeway/freeway(51).jpg,freeway
rectangular_farmland/rectangular_farmland(54).jpg,rectangular_farmland
harbor/harbor(42).jpg,harbor
circular_farmland/circular_farmland(9).jpg,circular_farmland
mountain/mountain(31).jpg,mountain
intersection/intersection(43).jpg,intersection
rectangular_farmland/rectangular_farmland(33).jpg,rectangular_farmland
desert/desert(41).jpg,desert
circular_farmland/circular_farmland(31).jpg,circular_farmland
chaparral/chaparral(22).jpg,chaparral
chaparral/chaparral(2).jpg,chaparral
harbor/harbor(29).jpg,harbor
intersection/intersection(50).jpg,intersection
golf_course/golf_course(56).jpg,golf_course
beach/beach(13).jpg,beach
ground_track_field/ground_track_field(17).jpg,ground_track_field
basketball_court/basketball_court(34).jpg,basketball_court
airplane/airplane(49).jpg,airplane
meadow/meadow(43).jpg,meadow
industrial_area/industrial_area(9).jpg,industrial_area
medium_residential/medium_residential(5).jpg,medium_residential
airport/airport(57).jpg,airport
mountain/mountain(10).jpg,mountain
medium_residential/medium_residential(16).jpg,medium_residential
lake/lake(15).jpg,lake
freeway/freeway(7).jpg,freeway
desert/desert(15).jpg,desert
lake/lake(32).jpg,lake
overpass/overpass(17).jpg,overpass
mountain/mountain(16).jpg,mountain
rectangular_farmland/rectangular_farmland(60).jpg,rectangular_farmland
forest/forest(31).jpg,forest
mobile_home_park/mobile_home_park(49).jpg,mobile_home_park
mountain/mountain(26).jpg,mountain
lake/lake(34).jpg,lake
dense_residential/dense_residential(1).jpg,dense_residential
airport/airport(28).jpg,airport
intersection/intersection(40).jpg,intersection
industrial_area/industrial_area(34).jpg,industrial_area
airport/airport(54).jpg,airport
circular_farmland/circular_farmland(21).jpg,circular_farmland
ground_track_field/ground_track_field(37).jpg,ground_track_field
rectangular_farmland/rectangular_farmland(57).jpg,rectangular_farmland
runway/runway(27).jpg,runway
intersection/intersection(3).jpg,intersection
bridge/bridge(27).jpg,bridge
harbor/harbor(27).jpg,harbor
bridge/bridge(54).jpg,bridge
church/church(30).jpg,church
baseball_diamond/baseball_diamond(43).jpg,baseball_diamond
desert/desert(16).jpg,desert
railway/railway(36).jpg,railway
intersection/intersection(8).jpg,intersection
circular_farmland/circular_farmland(60).jpg,circular_farmland
airport/airport(37).jpg,airport
airplane/airplane(39).jpg,airplane
harbor/harbor(20).jpg,harbor
harbor/harbor(52).jpg,harbor
island/island(31).jpg,island
forest/forest(18).jpg,forest
runway/runway(21).jpg,runway
church/church(55).jpg,church
chaparral/chaparral(14).jpg,chaparral
mobile_home_park/mobile_home_park(32).jpg,mobile_home_park
medium_residential/medium_residential(10).jpg,medium_residential
lake/lake(9).jpg,lake
beach/beach(27).jpg,beach
lake/lake(6).jpg,lake
ground_track_field/ground_track_field(27).jpg,ground_track_field
parking_lot/parking_lot(1).jpg,parking_lot
dense_residential/dense_residential(44).jpg,dense_residential
chaparral/chaparral(56).jpg,chaparral
railway/railway(21).jpg,railway
overpass/overpass(33).jpg,overpass
rectangular_farmland/rectangular_farmland(8).jpg,rectangular_farmland
roundabout/roundabout(58).jpg,roundabout
medium_residential/medium_residential(31).jpg,medium_residential
forest/forest(14).jpg,forest
church/church(27).jpg,church
golf_course/golf_course(28).jpg,golf_course
island/island(21).jpg,island
intersection/intersection(17).jpg,intersection
mobile_home_park/mobile_home_park(15).jpg,mobile_home_park
mountain/mountain(6).jpg,mountain
beach/beach(32).jpg,beach
chaparral/chaparral(51).jpg,chaparral
rectangular_farmland/rectangular_farmland(14).jpg,rectangular_farmland
commercial_area/commercial_area(36).jpg,commercial_area
bridge/bridge(50).jpg,bridge
mountain/mountain(3).jpg,mountain
bridge/bridge(43).jpg,bridge
harbor/harbor(59).jpg,harbor
mobile_home_park/mobile_home_park(40).jpg,mobile_home_park
railway/railway(56).jpg,railway
intersection/intersection(13).jpg,intersection
commercial_area/commercial_area(56).jpg,commercial_area
golf_course/golf_course(17).jpg,golf_course
freeway/freeway(3).jpg,freeway
harbor/harbor(39).jpg,harbor
parking_lot/parking_lot(58).jpg,parking_lot
intersection/intersection(32).jpg,intersection
desert/desert(22).jpg,desert
basketball_court/basketball_court(41).jpg,basketball_court
commercial_area/commercial_area(22).jpg,commercial_area
railway/railway(17).jpg,railway
commercial_area/commercial_area(31).jpg,commercial_area
railway/railway(9).jpg,railway
dense_residential/dense_residential(24).jpg,dense_residential
golf_course/golf_course(42).jpg,golf_course
airplane/airplane(28).jpg,airplane
beach/beach(7).jpg,beach
lake/lake(35).jpg,lake
meadow/meadow(10).jpg,meadow
harbor/harbor(49).jpg,harbor
church/church(20).jpg,church
railway/railway(47).jpg,railway
desert/desert(42).jpg,desert
church/church(28).jpg,church
rectangular_farmland/rectangular_farmland(24).jpg,rectangular_farmland
airport/airport(9).jpg,airport
runway/runway(52).jpg,runway
commercial_area/commercial_area(60).jpg,commercial_area
intersection/intersection(39).jpg,intersection
baseball_diamond/baseball_diamond(32).jpg,baseball_diamond
island/island(36).jpg,island
dense_residential/dense_residential(22).jpg,dense_residential
intersection/intersection(42).jpg,intersection
overpass/overpass(49).jpg,overpass
rectangular_farmland/rectangular_farmland(42).jpg,rectangular_farmland
medium_residential/medium_residential(11).jpg,medium_residential
airport/airport(31).jpg,airport
mountain/mountain(20).jpg,mountain
airport/airport(4).jpg,airport
ground_track_field/ground_track_field(42).jpg,ground_track_field
airplane/airplane(14).jpg,airplane
mobile_home_park/mobile_home_park(47).jpg,mobile_home_park
ground_track_field/ground_track_field(36).jpg,ground_track_field
freeway/freeway(20).jpg,freeway
freeway/freeway(60).jpg,freeway
basketball_court/basketball_court(18).jpg,basketball_court
industrial_area/industrial_area(33).jpg,industrial_area
commercial_area/commercial_area(24).jpg,commercial_area
church/church(19).jpg,church
airport/airport(51).jpg,airport
parking_lot/parking_lot(35).jpg,parking_lot
medium_residential/medium_residential(26).jpg,medium_residential
baseball_diamond/baseball_diamond(3).jpg,baseball_diamond
freeway/freeway(40).jpg,freeway
roundabout/roundabout(3).jpg,roundabout
bridge/bridge(3).jpg,bridge
commercial_area/commercial_area(58).jpg,commercial_area
runway/runway(5).jpg,runway
lake/lake(21).jpg,lake
medium_residential/medium_residential(34).jpg,medium_residential
mobile_home_park/mobile_home_park(26).jpg,mobile_home_park
beach/beach(56).jpg,beach
forest/forest(37).jpg,forest
island/island(55).jpg,island
ground_track_field/ground_track_field(39).jpg,ground_track_field
industrial_area/industrial_area(26).jpg,industrial_area
beach/beach(39).jpg,beach
overpass/overpass(42).jpg,overpass
golf_course/golf_course(59).jpg,golf_course
railway/railway(1).jpg,railway
dense_residential/dense_residential(6).jpg,dense_residential
basketball_court/basketball_court(17).jpg,basketball_court
rectangular_farmland/rectangular_farmland(38).jpg,rectangular_farmland
roundabout/roundabout(23).jpg,roundabout
commercial_area/commercial_area(23).jpg,commercial_area
mountain/mountain(13).jpg,mountain
chaparral/chaparral(48).jpg,chaparral
meadow/meadow(51).jpg,meadow
golf_course/golf_course(27).jpg,golf_course
commercial_area/commercial_area(50).jpg,commercial_area
medium_residential/medium_residential(30).jpg,medium_residential
commercial_area/commercial_area(30).jpg,commercial_area
basketball_court/basketball_court(26).jpg,basketball_court
dense_residential/dense_residential(38).jpg,dense_residential
rectangular_farmland/rectangular_farmland(37).jpg,rectangular_farmland
parking_lot/parking_lot(34).jpg,parking_lot
lake/lake(3).jpg,lake
desert/desert(23).jpg,desert
industrial_area/industrial_area(5).jpg,industrial_area
circular_farmland/circular_farmland(33).jpg,circular_farmland
basketball_court/basketball_court(2).jpg,basketball_court
mountain/mountain(56).jpg,mountain
island/island(52).jpg,island
desert/desert(45).jpg,desert
beach/beach(35).jpg,beach
dense_residential/dense_residential(40).jpg,dense_residential
rectangular_farmland/rectangular_farmland(40).jpg,rectangular_farmland
ground_track_field/ground_track_field(40).jpg,ground_track_field
beach/beach(23).jpg,beach
commercial_area/commercial_area(13).jpg,commercial_area
church/church(2).jpg,church
desert/desert(37).jpg,desert
dense_residential/dense_residential(26).jpg,dense_residential
church/church(37).jpg,church
harbor/harbor(1).jpg,harbor
basketball_court/basketball_court(48).jpg,basketball_court
forest/forest(54).jpg,forest
chaparral/chaparral(38).jpg,chaparral
harbor/harbor(10).jpg,harbor
railway/railway(11).jpg,railway
runway/runway(17).jpg,runway
industrial_area/industrial_area(19).jpg,industrial_area
overpass/overpass(55).jpg,overpass
desert/desert(56).jpg,desert
dense_residential/dense_residential(10).jpg,dense_residential
basketball_court/basketball_court(8).jpg,basketball_court
lake/lake(5).jpg,lake
bridge/bridge(59).jpg,bridge
meadow/meadow(6).jpg,meadow
basketball_court/basketball_court(4).jpg,basketball_court
baseball_diamond/baseball_diamond(55).jpg,baseball_diamond
commercial_area/commercial_area(8).jpg,commercial_area
dense_residential/dense_residential(35).jpg,dense_residential
roundabout/roundabout(18).jpg,roundabout
mountain/mountain(52).jpg,mountain
harbor/harbor(11).jpg,harbor
desert/desert(57).jpg,desert
golf_course/golf_course(52).jpg,golf_course
forest/forest(20).jpg,forest
harbor/harbor(16).jpg,harbor
chaparral/chaparral(21).jpg,chaparral
overpass/overpass(39).jpg,overpass
church/church(16).jpg,church
runway/runway(32).jpg,runway
basketball_court/basketball_court(55).jpg,basketball_court
airport/airport(46).jpg,airport
desert/desert(44).jpg,desert
ground_track_field/ground_track_field(9).jpg,ground_track_field
industrial_area/industrial_area(30).jpg,industrial_area
bridge/bridge(35).jpg,bridge
medium_residential/medium_residential(50).jpg,medium_residential
railway/railway(14).jpg,railway
medium_residential/medium_residential(22).jpg,medium_residential
island/island(35).jpg,island
railway/railway(22).jpg,railway
roundabout/roundabout(53).jpg,roundabout
harbor/harbor(23).jpg,harbor
baseball_diamond/baseball_diamond(19).jpg,baseball_diamond
overpass/overpass(50).jpg,overpass
railway/railway(32).jpg,railway
baseball_diamond/baseball_diamond(53).jpg,baseball_diamond
overpass/overpass(34).jpg,overpass
intersection/intersection(36).jpg,intersection
basketball_court/basketball_court(7).jpg,basketball_court
ground_track_field/ground_track_field(8).jpg,ground_track_field
railway/railway(57).jpg,railway
parking_lot/parking_lot(17).jpg,parking_lot
forest/forest(8).jpg,forest
ground_track_field/ground_track_field(54).jpg,ground_track_field
railway/railway(42).jpg,railway
basketball_court/basketball_court(36).jpg,basketball_court
freeway/freeway(34).jpg,freeway
airport/airport(2).jpg,airport
industrial_area/industrial_area(17).jpg,industrial_area
medium_residential/medium_residential(8).jpg,medium_residential
rectangular_farmland/rectangular_farmland(51).jpg,rectangular_farmland
medium_residential/medium_residential(36).jpg,medium_residential
industrial_area/industrial_area(59).jpg,industrial_area
church/church(24).jpg,church
intersection/intersection(37).jpg,intersection
harbor/harbor(26).jpg,harbor
intersection/intersection(41).jpg,intersection
church/church(8).jpg,church
airplane/airplane(43).jpg,airplane
airplane/airplane(25).jpg,airplane
commercial_area/commercial_area(4).jpg,commercial_area
airplane/airplane(29).jpg,airplane
airport/airport(59).jpg,airport
circular_farmland/circular_farmland(8).jpg,circular_farmland
meadow/meadow(55).jpg,meadow
railway/railway(54).jpg,railway
mountain/mountain(34).jpg,mountain
golf_course/golf_course(1).jpg,golf_course
intersection/intersection(44).jpg,intersection
harbor/harbor(36).jpg,harbor
industrial_area/industrial_area(1).jpg,industrial_area
beach/beach(30).jpg,beach
freeway/freeway(15).jpg,freeway
golf_course/golf_course(4).jpg,golf_course
beach/beach(18).jpg,beach
meadow/meadow(42).jpg,meadow
circular_farmland/circular_farmland(39).jpg,circular_farmland
island/island(57).jpg,island
basketball_court/basketball_court(51).jpg,basketball_court
basketball_court/basketball_court(1).jpg,basketball_court
forest/forest(24).jpg,forest
airplane/airplane(26).jpg,airplane
roundabout/roundabout(38).jpg,roundabout
forest/forest(59).jpg,forest
lake/lake(27).jpg,lake
airport/airport(14).jpg,airport
church/church(35).jpg,church
airplane/airplane(18).jpg,airplane
industrial_area/industrial_area(48).jpg,industrial_area
industrial_area/industrial_area(2).jpg,industrial_area
parking_lot/parking_lot(54).jpg,parking_lot
freeway/freeway(31).jpg,freeway
mobile_home_park/mobile_home_park(2).jpg,mobile_home_park
railway/railway(44).jpg,railway
desert/desert(46).jpg,desert
airport/airport(29).jpg,airport
dense_residential/dense_residential(14).jpg,dense_residential
forest/forest(33).jpg,forest
desert/desert(43).jpg,desert
airport/airport(53).jpg,airport
meadow/meadow(52).jpg,meadow
meadow/meadow(22).jpg,meadow
circular_farmland/circular_farmland(19).jpg,circular_farmland
beach/beach(43).jpg,beach
runway/runway(19).jpg,runway
railway/railway(29).jpg,railway
commercial_area/commercial_area(57).jpg,commercial_area
island/island(2).jpg,island
intersection/intersection(25).jpg,intersection
chaparral/chaparral(1).jpg,chaparral
airport/airport(6).jpg,airport
desert/desert(52).jpg,desert
runway/runway(58).jpg,runway
freeway/freeway(2).jpg,freeway
rectangular_farmland/rectangular_farmland(9).jpg,rectangular_farmland
golf_course/golf_course(32).jpg,golf_course
intersection/intersection(45).jpg,intersection
airport/airport(19).jpg,airport
commercial_area/commercial_area(47).jpg,commercial_area
bridge/bridge(58).jpg,bridge
forest/forest(32).jpg,forest
circular_farmland/circular_farmland(10).jpg,circular_farmland
medium_residential/medium_residential(53).jpg,medium_residential
intersection/intersection(47).jpg,intersection
medium_residential/medium_residential(49).jpg,medium_residential
bridge/bridge(36).jpg,bridge
runway/runway(13).jpg,runway
rectangular_farmland/rectangular_farmland(46).jpg,rectangular_farmland
circular_farmland/circular_farmland(17).jpg,circular_farmland
harbor/harbor(5).jpg,harbor
rectangular_farmland/rectangular_farmland(21).jpg,rectangular_farmland
golf_course/golf_course(60).jpg,golf_course
church/church(25).jpg,church
roundabout/roundabout(26).jpg,roundabout
basketball_court/basketball_court(58).jpg,basketball_court
roundabout/roundabout(28).jpg,roundabout
harbor/harbor(7).jpg,harbor
circular_farmland/circular_farmland(5).jpg,circular_farmland
chaparral/chaparral(20).jpg,chaparral
desert/desert(35).jpg,desert
overpass/overpass(4).jpg,overpass
circular_farmland/circular_farmland(43).jpg,circular_farmland
baseball_diamond/baseball_diamond(17).jpg,baseball_diamond
baseball_diamond/baseball_diamond(50).jpg,baseball_diamond
island/island(1).jpg,island
industrial_area/industrial_area(47).jpg,industrial_area
dense_residential/dense_residential(11).jpg,dense_residential
freeway/freeway(19).jpg,freeway
forest/forest(60).jpg,forest
medium_residential/medium_residential(29).jpg,medium_residential
industrial_area/industrial_area(14).jpg,industrial_area
mobile_home_park/mobile_home_park(19).jpg,mobile_home_park
harbor/harbor(19).jpg,harbor
freeway/freeway(18).jpg,freeway
mobile_home_park/mobile_home_park(33).jpg,mobile_home_park
overpass/overpass(52).jpg,overpass
chaparral/chaparral(16).jpg,chaparral
parking_lot/parking_lot(14).jpg,parking_lot
intersection/intersection(49).jpg,intersection
freeway/freeway(47).jpg,freeway
meadow/meadow(30).jpg,meadow
meadow/meadow(13).jpg,meadow
church/church(43).jpg,church
beach/beach(45).jpg,beach
mountain/mountain(58).jpg,mountain
forest/forest(6).jpg,forest
meadow/meadow(19).jpg,meadow
runway/runway(57).jpg,runway
chaparral/chaparral(4).jpg,chaparral
intersection/intersection(9).jpg,intersection
freeway/freeway(14).jpg,freeway
freeway/freeway(22).jpg,freeway
commercial_area/commercial_area(5).jpg,commercial_area
beach/beach(41).jpg,beach
commercial_area/commercial_area(44).jpg,commercial_area
forest/forest(49).jpg,forest
baseball_diamond/baseball_diamond(48).jpg,baseball_diamond
circular_farmland/circular_farmland(44).jpg,circular_farmland
island/island(11).jpg,island
dense_residential/dense_residential(2).jpg,dense_residential
basketball_court/basketball_court(43).jpg,basketball_court
ground_track_field/ground_track_field(47).jpg,ground_track_field
ground_track_field/ground_track_field(3).jpg,ground_track_field
forest/forest(7).jpg,forest
medium_residential/medium_residential(23).jpg,medium_residential
circular_farmland/circular_farmland(26).jpg,circular_farmland
island/island(29).jpg,island
airport/airport(27).jpg,airport
parking_lot/parking_lot(59).jpg,parking_lot
meadow/meadow(44).jpg,meadow
harbor/harbor(32).jpg,harbor
railway/railway(37).jpg,railway
church/church(17).jpg,church
basketball_court/basketball_court(31).jpg,basketball_court
airport/airport(44).jpg,airport
circular_farmland/circular_farmland(56).jpg,circular_farmland
baseball_diamond/baseball_diamond(8).jpg,baseball_diamond
lake/lake(30).jpg,lake
intersection/intersection(60).jpg,intersection
runway/runway(6).jpg,runway
forest/forest(4).jpg,forest
freeway/freeway(38).jpg,freeway
basketball_court/basketball_court(39).jpg,basketball_court
bridge/bridge(14).jpg,bridge
parking_lot/parking_lot(26).jpg,parking_lot
ground_track_field/ground_track_field(20).jpg,ground_track_field
dense_residential/dense_residential(39).jpg,dense_residential
bridge/bridge(11).jpg,bridge
meadow/meadow(23).jpg,meadow
golf_course/golf_course(12).jpg,golf_course
overpass/overpass(27).jpg,overpass
intersection/intersection(57).jpg,intersection
desert/desert(50).jpg,desert
runway/runway(25).jpg,runway
bridge/bridge(56).jpg,bridge
meadow/meadow(36).jpg,meadow
rectangular_farmland/rectangular_farmland(17).jpg,rectangular_farmland
island/island(15).jpg,island
lake/lake(58).jpg,lake
parking_lot/parking_lot(50).jpg,parking_lot
bridge/bridge(46).jpg,bridge
baseball_diamond/baseball_diamond(21).jpg,baseball_diamond
island/island(7).jpg,island
baseball_diamond/baseball_diamond(23).jpg,baseball_diamond
railway/railway(30).jpg,railway
parking_lot/parking_lot(30).jpg,parking_lot
commercial_area/commercial_area(45).jpg,commercial_area
baseball_diamond/baseball_diamond(31).jpg,baseball_diamond
forest/forest(17).jpg,forest
ground_track_field/ground_track_field(57).jpg,ground_track_field
forest/forest(11).jpg,forest
golf_course/golf_course(47).jpg,golf_course
medium_residential/medium_residential(52).jpg,medium_residential
dense_residential/dense_residential(27).jpg,dense_residential
beach/beach(9).jpg,beach
bridge/bridge(24).jpg,bridge
industrial_area/industrial_area(3).jpg,industrial_area
medium_residential/medium_residential(4).jpg,medium_residential
mountain/mountain(7).jpg,mountain
chaparral/chaparral(23).jpg,chaparral
island/island(25).jpg,island
parking_lot/parking_lot(29).jpg,parking_lot
ground_track_field/ground_track_field(15).jpg,ground_track_field
chaparral/chaparral(35).jpg,chaparral
dense_residential/dense_residential(55).jpg,dense_residential
island/island(45).jpg,island
commercial_area/commercial_area(7).jpg,commercial_area
rectangular_farmland/rectangular_farmland(13).jpg,rectangular_farmland
beach/beach(52).jpg,beach
baseball_diamond/baseball_diamond(26).jpg,baseball_diamond
commercial_area/commercial_area(19).jpg,commercial_area
forest/forest(41).jpg,forest
island/island(47).jpg,island
desert/desert(20).jpg,desert
railway/railway(34).jpg,railway
church/church(14).jpg,church
meadow/meadow(45).jpg,meadow
church/church(31).jpg,church
desert/desert(14).jpg,desert
basketball_court/basketball_court(50).jpg,basketball_court
railway/railway(45).jpg,railway
airplane/airplane(13).jpg,airplane
